timestamp,energy_consumption
2026-07-01 00:00:00,0.121
2026-07-01 01:00:00,0.117
2026-07-01 02:00:00,0.118
2026-07-01 03:00:00,0.101
2026-07-01 04:00:00,0.103
2026-07-01 05:00:00,0.1
2026-07-01 06:00:00,0.114
2026-07-01 07:00:00,0.19
2026-07-01 08:00:00,0.188
2026-07-01 09:00:00,0.19
2026-07-01 10:00:00,0.111
2026-07-01 11:00:00,0.135
2026-07-01 12:00:00,0.09
2026-07-01 13:00:00,0.103
2026-07-01 14:00:00,0.13
2026-07-01 15:00:00,0.095
2026-07-01 16:00:00,0.095
2026-07-01 17:00:00,0.111
2026-07-01 18:00:00,0.317
2026-07-01 19:00:00,0.352
2026-07-01 20:00:00,0.352
2026-07-01 21:00:00,0.346
2026-07-01 22:00:00,0.338
2026-07-01 23:00:00,0.11
2026-07-02 00:00:00,0.112
2026-07-02 01:00:00,0.152
2026-07-02 02:00:00,0.112
2026-07-02 03:00:00,0.155
2026-07-02 04:00:00,0.101
2026-07-02 05:00:00,0.128
2026-07-02 06:00:00,0.112
2026-07-02 07:00:00,0.263
2026-07-02 08:00:00,0.244
2026-07-02 09:00:00,0.21
2026-07-02 10:00:00,0.148
2026-07-02 11:00:00,0.107
2026-07-02 12:00:00,0.147
2026-07-02 13:00:00,0.101
2026-07-02 14:00:00,0.131
2026-07-02 15:00:00,0.128
2026-07-02 16:00:00,0.131
2026-07-02 17:00:00,0.118
2026-07-02 18:00:00,0.358
2026-07-02 19:00:00,0.365
2026-07-02 20:00:00,0.377
2026-07-02 21:00:00,0.37
2026-07-02 22:00:00,0.367
2026-07-02 23:00:00,0.105
2026-07-03 00:00:00,0.137
2026-07-03 01:00:00,0.127
2026-07-03 02:00:00,0.155
2026-07-03 03:00:00,0.144
2026-07-03 04:00:00,0.157
2026-07-03 05:00:00,0.125
2026-07-03 06:00:00,0.154
2026-07-03 07:00:00,0.266
2026-07-03 08:00:00,0.272
2026-07-03 09:00:00,0.202
2026-07-03 10:00:00,0.119
2026-07-03 11:00:00,0.114
2026-07-03 12:00:00,0.116
2026-07-03 13:00:00,0.143
2026-07-03 14:00:00,0.109
2026-07-03 15:00:00,0.107
2026-07-03 16:00:00,0.101
2026-07-03 17:00:00,0.139
2026-07-03 18:00:00,0.398
2026-07-03 19:00:00,0.376
2026-07-03 20:00:00,0.393
2026-07-03 21:00:00,0.412
2026-07-03 22:00:00,0.383
2026-07-03 23:00:00,0.122
2026-07-04 00:00:00,0.15
2026-07-04 01:00:00,0.14
2026-07-04 02:00:00,0.198
2026-07-04 03:00:00,0.176
2026-07-04 04:00:00,0.202
2026-07-04 05:00:00,0.194
2026-07-04 06:00:00,0.134
2026-07-04 07:00:00,0.276
2026-07-04 08:00:00,0.359
2026-07-04 09:00:00,0.345
2026-07-04 10:00:00,0.162
2026-07-04 11:00:00,0.178
2026-07-04 12:00:00,0.199
2026-07-04 13:00:00,0.194
2026-07-04 14:00:00,0.178
2026-07-04 15:00:00,0.201
2026-07-04 16:00:00,0.13
2026-07-04 17:00:00,0.193
2026-07-04 18:00:00,0.526
2026-07-04 19:00:00,0.473
2026-07-04 20:00:00,0.457
2026-07-04 21:00:00,0.499
2026-07-04 22:00:00,0.484
2026-07-04 23:00:00,0.201
2026-07-05 00:00:00,0.187
2026-07-05 01:00:00,0.178
2026-07-05 02:00:00,0.164
2026-07-05 03:00:00,0.149
2026-07-05 04:00:00,0.209
2026-07-05 05:00:00,0.22
2026-07-05 06:00:00,0.143
2026-07-05 07:00:00,0.373
2026-07-05 08:00:00,0.328
2026-07-05 09:00:00,0.322
2026-07-05 10:00:00,0.181
2026-07-05 11:00:00,0.182
2026-07-05 12:00:00,0.199
2026-07-05 13:00:00,0.154
2026-07-05 14:00:00,0.214
2026-07-05 15:00:00,0.17
2026-07-05 16:00:00,0.199
2026-07-05 17:00:00,0.145
2026-07-05 18:00:00,0.499
2026-07-05 19:00:00,0.569
2026-07-05 20:00:00,0.496
2026-07-05 21:00:00,0.584
2026-07-05 22:00:00,0.525
2026-07-05 23:00:00,0.208
2026-07-06 00:00:00,0.104
2026-07-06 01:00:00,0.13
2026-07-06 02:00:00,0.154
2026-07-06 03:00:00,0.135
2026-07-06 04:00:00,0.132
2026-07-06 05:00:00,0.121
2026-07-06 06:00:00,0.125
2026-07-06 07:00:00,0.242
2026-07-06 08:00:00,0.222
2026-07-06 09:00:00,0.234
2026-07-06 10:00:00,0.13
2026-07-06 11:00:00,0.105
2026-07-06 12:00:00,0.123
2026-07-06 13:00:00,0.11
2026-07-06 14:00:00,0.131
2026-07-06 15:00:00,0.119
2026-07-06 16:00:00,0.13
2026-07-06 17:00:00,0.12
2026-07-06 18:00:00,0.38
2026-07-06 19:00:00,0.394
2026-07-06 20:00:00,0.373
2026-07-06 21:00:00,0.419
2026-07-06 22:00:00,0.359
2026-07-06 23:00:00,0.123
2026-07-07 00:00:00,0.133
2026-07-07 01:00:00,0.116
2026-07-07 02:00:00,0.147
2026-07-07 03:00:00,0.113
2026-07-07 04:00:00,0.128
2026-07-07 05:00:00,0.125
2026-07-07 06:00:00,0.132
2026-07-07 07:00:00,0.276
2026-07-07 08:00:00,0.247
2026-07-07 09:00:00,0.208
2026-07-07 10:00:00,0.142
2026-07-07 11:00:00,0.141
2026-07-07 12:00:00,0.14
2026-07-07 13:00:00,0.158
2026-07-07 14:00:00,0.137
2026-07-07 15:00:00,0.129
2026-07-07 16:00:00,0.147
2026-07-07 17:00:00,0.134
2026-07-07 18:00:00,0.351
2026-07-07 19:00:00,0.366
2026-07-07 20:00:00,0.36
2026-07-07 21:00:00,0.35
2026-07-07 22:00:00,0.373
2026-07-07 23:00:00,0.131
2026-07-08 00:00:00,0.12
2026-07-08 01:00:00,0.127
2026-07-08 02:00:00,0.097
2026-07-08 03:00:00,0.097
2026-07-08 04:00:00,0.126
2026-07-08 05:00:00,0.125
2026-07-08 06:00:00,0.086
2026-07-08 07:00:00,0.234
2026-07-08 08:00:00,0.177
2026-07-08 09:00:00,0.188
2026-07-08 10:00:00,0.092
2026-07-08 11:00:00,0.117
2026-07-08 12:00:00,0.103
2026-07-08 13:00:00,0.122
2026-07-08 14:00:00,0.127
2026-07-08 15:00:00,0.126
2026-07-08 16:00:00,0.1
2026-07-08 17:00:00,0.135
2026-07-08 18:00:00,0.336
2026-07-08 19:00:00,0.315
2026-07-08 20:00:00,0.326
2026-07-08 21:00:00,0.316
2026-07-08 22:00:00,0.321
2026-07-08 23:00:00,0.116
2026-07-09 00:00:00,0.114
2026-07-09 01:00:00,0.15
2026-07-09 02:00:00,0.146
2026-07-09 03:00:00,0.143
2026-07-09 04:00:00,0.112
2026-07-09 05:00:00,0.105
2026-07-09 06:00:00,0.14
2026-07-09 07:00:00,0.217
2026-07-09 08:00:00,0.275
2026-07-09 09:00:00,0.212
2026-07-09 10:00:00,0.123
2026-07-09 11:00:00,0.16
2026-07-09 12:00:00,0.151
2026-07-09 13:00:00,0.146
2026-07-09 14:00:00,0.111
2026-07-09 15:00:00,0.116
2026-07-09 16:00:00,0.149
2026-07-09 17:00:00,0.123
2026-07-09 18:00:00,0.389
2026-07-09 19:00:00,0.395
2026-07-09 20:00:00,0.383
2026-07-09 21:00:00,0.389
2026-07-09 22:00:00,0.359
2026-07-09 23:00:00,0.109
2026-07-10 00:00:00,0.108
2026-07-10 01:00:00,0.124
2026-07-10 02:00:00,0.123
2026-07-10 03:00:00,0.119
2026-07-10 04:00:00,0.158
2026-07-10 05:00:00,0.128
2026-07-10 06:00:00,0.144
2026-07-10 07:00:00,0.247
2026-07-10 08:00:00,0.215
2026-07-10 09:00:00,0.222
2026-07-10 10:00:00,0.127
2026-07-10 11:00:00,0.122
2026-07-10 12:00:00,0.149
2026-07-10 13:00:00,0.115
2026-07-10 14:00:00,0.139
2026-07-10 15:00:00,0.14
2026-07-10 16:00:00,0.153
2026-07-10 17:00:00,0.153
2026-07-10 18:00:00,0.397
2026-07-10 19:00:00,0.379
2026-07-10 20:00:00,0.389
2026-07-10 21:00:00,0.398
2026-07-10 22:00:00,0.419
2026-07-10 23:00:00,0.157
2026-07-11 00:00:00,0.184
2026-07-11 01:00:00,0.134
2026-07-11 02:00:00,0.136
2026-07-11 03:00:00,0.145
2026-07-11 04:00:00,0.188
2026-07-11 05:00:00,0.155
2026-07-11 06:00:00,0.142
2026-07-11 07:00:00,0.327
2026-07-11 08:00:00,0.295
2026-07-11 09:00:00,0.325
2026-07-11 10:00:00,0.165
2026-07-11 11:00:00,0.15
2026-07-11 12:00:00,0.132
2026-07-11 13:00:00,0.204
2026-07-11 14:00:00,0.144
2026-07-11 15:00:00,0.143
2026-07-11 16:00:00,0.142
2026-07-11 17:00:00,0.142
2026-07-11 18:00:00,0.457
2026-07-11 19:00:00,0.526
2026-07-11 20:00:00,0.507
2026-07-11 21:00:00,0.491
2026-07-11 22:00:00,0.456
2026-07-11 23:00:00,0.188
2026-07-12 00:00:00,0.202
2026-07-12 01:00:00,0.198
2026-07-12 02:00:00,0.17
2026-07-12 03:00:00,0.193
2026-07-12 04:00:00,0.162
2026-07-12 05:00:00,0.193
2026-07-12 06:00:00,0.205
2026-07-12 07:00:00,0.281
2026-07-12 08:00:00,0.375
2026-07-12 09:00:00,0.381
2026-07-12 10:00:00,0.177
2026-07-12 11:00:00,0.166
2026-07-12 12:00:00,0.166
2026-07-12 13:00:00,0.197
2026-07-12 14:00:00,0.15
2026-07-12 15:00:00,0.191
2026-07-12 16:00:00,0.174
2026-07-12 17:00:00,0.203
2026-07-12 18:00:00,0.507
2026-07-12 19:00:00,0.547
2026-07-12 20:00:00,0.539
2026-07-12 21:00:00,0.56
2026-07-12 22:00:00,0.491
2026-07-12 23:00:00,0.198
2026-07-13 00:00:00,0.137
2026-07-13 01:00:00,0.152
2026-07-13 02:00:00,0.119
2026-07-13 03:00:00,0.151
2026-07-13 04:00:00,0.144
2026-07-13 05:00:00,0.116
2026-07-13 06:00:00,0.104
2026-07-13 07:00:00,0.269
2026-07-13 08:00:00,0.236
2026-07-13 09:00:00,0.279
2026-07-13 10:00:00,0.117
2026-07-13 11:00:00,0.106
2026-07-13 12:00:00,0.137
2026-07-13 13:00:00,0.151
2026-07-13 14:00:00,0.106
2026-07-13 15:00:00,0.132
2026-07-13 16:00:00,0.13
2026-07-13 17:00:00,0.125
2026-07-13 18:00:00,0.363
2026-07-13 19:00:00,0.362
2026-07-13 20:00:00,0.373
2026-07-13 21:00:00,0.372
2026-07-13 22:00:00,0.354
2026-07-13 23:00:00,0.137
2026-07-14 00:00:00,0.109
2026-07-14 01:00:00,0.111
2026-07-14 02:00:00,0.139
2026-07-14 03:00:00,0.149
2026-07-14 04:00:00,0.15
2026-07-14 05:00:00,0.131
2026-07-14 06:00:00,0.102
2026-07-14 07:00:00,0.229
2026-07-14 08:00:00,0.205
2026-07-14 09:00:00,0.231
2026-07-14 10:00:00,0.107
2026-07-14 11:00:00,0.1
2026-07-14 12:00:00,0.131
2026-07-14 13:00:00,0.137
2026-07-14 14:00:00,0.146
2026-07-14 15:00:00,0.106
2026-07-14 16:00:00,0.155
2026-07-14 17:00:00,0.132
2026-07-14 18:00:00,0.405
2026-07-14 19:00:00,0.415
2026-07-14 20:00:00,0.402
2026-07-14 21:00:00,0.368
2026-07-14 22:00:00,0.366
2026-07-14 23:00:00,0.104
2026-07-15 00:00:00,0.114
2026-07-15 01:00:00,0.102
2026-07-15 02:00:00,0.114
2026-07-15 03:00:00,0.093
2026-07-15 04:00:00,0.106
2026-07-15 05:00:00,0.104
2026-07-15 06:00:00,0.132
2026-07-15 07:00:00,0.208
2026-07-15 08:00:00,0.179
2026-07-15 09:00:00,0.185
2026-07-15 10:00:00,0.113
2026-07-15 11:00:00,0.088
2026-07-15 12:00:00,0.111
2026-07-15 13:00:00,0.134
2026-07-15 14:00:00,0.131
2026-07-15 15:00:00,0.095
2026-07-15 16:00:00,0.116
2026-07-15 17:00:00,0.13
2026-07-15 18:00:00,0.347
2026-07-15 19:00:00,0.31
2026-07-15 20:00:00,0.348
2026-07-15 21:00:00,0.31
2026-07-15 22:00:00,0.324
2026-07-15 23:00:00,0.109
2026-07-16 00:00:00,0.137
2026-07-16 01:00:00,0.126
2026-07-16 02:00:00,0.108
2026-07-16 03:00:00,0.121
2026-07-16 04:00:00,0.128
2026-07-16 05:00:00,0.153
2026-07-16 06:00:00,0.156
2026-07-16 07:00:00,0.232
2026-07-16 08:00:00,0.272
2026-07-16 09:00:00,0.226
2026-07-16 10:00:00,0.124
2026-07-16 11:00:00,0.121
2026-07-16 12:00:00,0.118
2026-07-16 13:00:00,0.154
2026-07-16 14:00:00,0.1
2026-07-16 15:00:00,0.143
2026-07-16 16:00:00,0.153
2026-07-16 17:00:00,0.105
2026-07-16 18:00:00,0.399
2026-07-16 19:00:00,0.366
2026-07-16 20:00:00,0.411
2026-07-16 21:00:00,0.42
2026-07-16 22:00:00,0.394
2026-07-16 23:00:00,0.116
2026-07-17 00:00:00,0.105
2026-07-17 01:00:00,0.109
2026-07-17 02:00:00,0.152
2026-07-17 03:00:00,0.109
2026-07-17 04:00:00,0.111
2026-07-17 05:00:00,0.152
2026-07-17 06:00:00,0.119
2026-07-17 07:00:00,0.278
2026-07-17 08:00:00,0.211
2026-07-17 09:00:00,0.221
2026-07-17 10:00:00,0.13
2026-07-17 11:00:00,0.138
2026-07-17 12:00:00,0.114
2026-07-17 13:00:00,0.153
2026-07-17 14:00:00,0.143
2026-07-17 15:00:00,0.106
2026-07-17 16:00:00,0.119
2026-07-17 17:00:00,0.141
2026-07-17 18:00:00,0.35
2026-07-17 19:00:00,0.38
2026-07-17 20:00:00,0.392
2026-07-17 21:00:00,0.412
2026-07-17 22:00:00,0.353
2026-07-17 23:00:00,0.117
2026-07-18 00:00:00,0.177
2026-07-18 01:00:00,0.141
2026-07-18 02:00:00,0.163
2026-07-18 03:00:00,0.203
2026-07-18 04:00:00,0.148
2026-07-18 05:00:00,0.165
2026-07-18 06:00:00,0.184
2026-07-18 07:00:00,0.294
2026-07-18 08:00:00,0.266
2026-07-18 09:00:00,0.269
2026-07-18 10:00:00,0.195
2026-07-18 11:00:00,0.17
2026-07-18 12:00:00,0.207
2026-07-18 13:00:00,0.148
2026-07-18 14:00:00,0.161
2026-07-18 15:00:00,0.13
2026-07-18 16:00:00,0.147
2026-07-18 17:00:00,0.18
2026-07-18 18:00:00,0.523
2026-07-18 19:00:00,0.467
2026-07-18 20:00:00,0.462
2026-07-18 21:00:00,0.529
2026-07-18 22:00:00,0.533
2026-07-18 23:00:00,0.202
2026-07-19 00:00:00,0.146
2026-07-19 01:00:00,0.184
2026-07-19 02:00:00,0.141
2026-07-19 03:00:00,0.213
2026-07-19 04:00:00,0.145
2026-07-19 05:00:00,0.161
2026-07-19 06:00:00,0.166
2026-07-19 07:00:00,0.348
2026-07-19 08:00:00,0.287
2026-07-19 09:00:00,0.344
2026-07-19 10:00:00,0.185
2026-07-19 11:00:00,0.155
2026-07-19 12:00:00,0.218
2026-07-19 13:00:00,0.219
2026-07-19 14:00:00,0.212
2026-07-19 15:00:00,0.168
2026-07-19 16:00:00,0.198
2026-07-19 17:00:00,0.183
2026-07-19 18:00:00,0.547
2026-07-19 19:00:00,0.588
2026-07-19 20:00:00,0.505
2026-07-19 21:00:00,0.55
2026-07-19 22:00:00,0.568
2026-07-19 23:00:00,0.178
2026-07-20 00:00:00,0.127
2026-07-20 01:00:00,0.157
2026-07-20 02:00:00,0.157
2026-07-20 03:00:00,0.123
2026-07-20 04:00:00,0.111
2026-07-20 05:00:00,0.136
2026-07-20 06:00:00,0.121
2026-07-20 07:00:00,0.203
2026-07-20 08:00:00,0.266
2026-07-20 09:00:00,0.229
2026-07-20 10:00:00,0.13
2026-07-20 11:00:00,0.119
2026-07-20 12:00:00,0.118
2026-07-20 13:00:00,0.152
2026-07-20 14:00:00,0.119
2026-07-20 15:00:00,0.141
2026-07-20 16:00:00,0.154
2026-07-20 17:00:00,0.119
2026-07-20 18:00:00,0.407
2026-07-20 19:00:00,0.416
2026-07-20 20:00:00,0.416
2026-07-20 21:00:00,0.378
2026-07-20 22:00:00,0.383
2026-07-20 23:00:00,0.14
2026-07-21 00:00:00,0.112
2026-07-21 01:00:00,0.107
2026-07-21 02:00:00,0.111
2026-07-21 03:00:00,0.145
2026-07-21 04:00:00,0.144
2026-07-21 05:00:00,0.144
2026-07-21 06:00:00,0.114
2026-07-21 07:00:00,0.254
2026-07-21 08:00:00,0.208
2026-07-21 09:00:00,0.221
2026-07-21 10:00:00,0.158
2026-07-21 11:00:00,0.125
2026-07-21 12:00:00,0.111
2026-07-21 13:00:00,0.158
2026-07-21 14:00:00,0.111
2026-07-21 15:00:00,0.151
2026-07-21 16:00:00,0.144
2026-07-21 17:00:00,0.139
2026-07-21 18:00:00,0.405
2026-07-21 19:00:00,0.386
2026-07-21 20:00:00,0.379
2026-07-21 21:00:00,0.361
2026-07-21 22:00:00,0.36
2026-07-21 23:00:00,0.121
2026-07-22 00:00:00,0.107
2026-07-22 01:00:00,0.116
2026-07-22 02:00:00,0.115
2026-07-22 03:00:00,0.116
2026-07-22 04:00:00,0.13
2026-07-22 05:00:00,0.091
2026-07-22 06:00:00,0.093
2026-07-22 07:00:00,0.238
2026-07-22 08:00:00,0.233
2026-07-22 09:00:00,0.218
2026-07-22 10:00:00,0.089
2026-07-22 11:00:00,0.094
2026-07-22 12:00:00,0.104
2026-07-22 13:00:00,0.129
2026-07-22 14:00:00,0.112
2026-07-22 15:00:00,0.112
2026-07-22 16:00:00,0.093
2026-07-22 17:00:00,0.135
2026-07-22 18:00:00,0.325
2026-07-22 19:00:00,0.314
2026-07-22 20:00:00,0.354
2026-07-22 21:00:00,0.353
2026-07-22 22:00:00,0.353
2026-07-22 23:00:00,0.126
2026-07-23 00:00:00,0.129
2026-07-23 01:00:00,0.131
2026-07-23 02:00:00,0.127
2026-07-23 03:00:00,0.16
2026-07-23 04:00:00,0.113
2026-07-23 05:00:00,0.128
2026-07-23 06:00:00,0.151
2026-07-23 07:00:00,0.227
2026-07-23 08:00:00,0.237
2026-07-23 09:00:00,0.257
2026-07-23 10:00:00,0.105
2026-07-23 11:00:00,0.129
2026-07-23 12:00:00,0.125
2026-07-23 13:00:00,0.15
2026-07-23 14:00:00,0.107
2026-07-23 15:00:00,0.119
2026-07-23 16:00:00,0.143
2026-07-23 17:00:00,0.119
2026-07-23 18:00:00,0.36
2026-07-23 19:00:00,0.383
2026-07-23 20:00:00,0.378
2026-07-23 21:00:00,0.382
2026-07-23 22:00:00,0.387
2026-07-23 23:00:00,0.156
2026-07-24 00:00:00,0.158
2026-07-24 01:00:00,0.145
2026-07-24 02:00:00,0.135
2026-07-24 03:00:00,0.137
2026-07-24 04:00:00,0.13
2026-07-24 05:00:00,0.145
2026-07-24 06:00:00,0.13
2026-07-24 07:00:00,0.214
2026-07-24 08:00:00,0.251
2026-07-24 09:00:00,0.249
2026-07-24 10:00:00,0.118
2026-07-24 11:00:00,0.145
2026-07-24 12:00:00,0.141
2026-07-24 13:00:00,0.125
2026-07-24 14:00:00,0.131
2026-07-24 15:00:00,0.129
2026-07-24 16:00:00,0.136
2026-07-24 17:00:00,0.131
2026-07-24 18:00:00,0.398
2026-07-24 19:00:00,0.381
2026-07-24 20:00:00,0.391
2026-07-24 21:00:00,0.371
2026-07-24 22:00:00,0.385
2026-07-24 23:00:00,0.139
2026-07-25 00:00:00,0.189
2026-07-25 01:00:00,0.147
2026-07-25 02:00:00,0.178
2026-07-25 03:00:00,0.204
2026-07-25 04:00:00,0.191
2026-07-25 05:00:00,0.202
2026-07-25 06:00:00,0.147
2026-07-25 07:00:00,0.297
2026-07-25 08:00:00,0.275
2026-07-25 09:00:00,0.288
2026-07-25 10:00:00,0.204
2026-07-25 11:00:00,0.148
2026-07-25 12:00:00,0.174
2026-07-25 13:00:00,0.164
2026-07-25 14:00:00,0.132
2026-07-25 15:00:00,0.189
2026-07-25 16:00:00,0.144
2026-07-25 17:00:00,0.149
2026-07-25 18:00:00,0.543
2026-07-25 19:00:00,0.511
2026-07-25 20:00:00,0.457
2026-07-25 21:00:00,0.525
2026-07-25 22:00:00,0.506
2026-07-25 23:00:00,0.144
2026-07-26 00:00:00,0.214
2026-07-26 01:00:00,0.222
2026-07-26 02:00:00,0.167
2026-07-26 03:00:00,0.143
2026-07-26 04:00:00,0.201
2026-07-26 05:00:00,0.141
2026-07-26 06:00:00,0.153
2026-07-26 07:00:00,0.363
2026-07-26 08:00:00,0.339
2026-07-26 09:00:00,0.348
2026-07-26 10:00:00,0.144
2026-07-26 11:00:00,0.145
2026-07-26 12:00:00,0.166
2026-07-26 13:00:00,0.186
2026-07-26 14:00:00,0.192
2026-07-26 15:00:00,0.161
2026-07-26 16:00:00,0.152
2026-07-26 17:00:00,0.2
2026-07-26 18:00:00,0.491
2026-07-26 19:00:00,0.528
2026-07-26 20:00:00,0.523
2026-07-26 21:00:00,0.566
2026-07-26 22:00:00,0.538
2026-07-26 23:00:00,0.211
2026-07-27 00:00:00,0.134
2026-07-27 01:00:00,0.113
2026-07-27 02:00:00,0.157
2026-07-27 03:00:00,0.158
2026-07-27 04:00:00,0.11
2026-07-27 05:00:00,0.135
2026-07-27 06:00:00,0.125
2026-07-27 07:00:00,0.231
2026-07-27 08:00:00,0.249
2026-07-27 09:00:00,0.275
2026-07-27 10:00:00,0.132
2026-07-27 11:00:00,0.121
2026-07-27 12:00:00,0.144
2026-07-27 13:00:00,0.132
2026-07-27 14:00:00,0.141
2026-07-27 15:00:00,0.151
2026-07-27 16:00:00,0.111
2026-07-27 17:00:00,0.147
2026-07-27 18:00:00,0.368
2026-07-27 19:00:00,0.398
2026-07-27 20:00:00,0.391
2026-07-27 21:00:00,0.387
2026-07-27 22:00:00,0.363
2026-07-27 23:00:00,0.108
2026-07-28 00:00:00,0.15
2026-07-28 01:00:00,0.128
2026-07-28 02:00:00,0.126
2026-07-28 03:00:00,0.11
2026-07-28 04:00:00,0.102
2026-07-28 05:00:00,0.107
2026-07-28 06:00:00,0.158
2026-07-28 07:00:00,0.271
2026-07-28 08:00:00,0.234
2026-07-28 09:00:00,0.268
2026-07-28 10:00:00,0.105
2026-07-28 11:00:00,0.148
2026-07-28 12:00:00,0.148
2026-07-28 13:00:00,0.147
2026-07-28 14:00:00,0.137
2026-07-28 15:00:00,0.142
2026-07-28 16:00:00,0.137
2026-07-28 17:00:00,0.137
2026-07-28 18:00:00,0.405
2026-07-28 19:00:00,0.388
2026-07-28 20:00:00,0.409
2026-07-28 21:00:00,0.397
2026-07-28 22:00:00,0.402
2026-07-28 23:00:00,0.158
2026-07-29 00:00:00,0.101
2026-07-29 01:00:00,0.088
2026-07-29 02:00:00,0.132
2026-07-29 03:00:00,0.087
2026-07-29 04:00:00,0.128
2026-07-29 05:00:00,0.092
2026-07-29 06:00:00,0.089
2026-07-29 07:00:00,0.186
2026-07-29 08:00:00,0.226
2026-07-29 09:00:00,0.236
2026-07-29 10:00:00,0.097
2026-07-29 11:00:00,0.102
2026-07-29 12:00:00,0.094
2026-07-29 13:00:00,0.092
2026-07-29 14:00:00,0.135
2026-07-29 15:00:00,0.091
2026-07-29 16:00:00,0.091
2026-07-29 17:00:00,0.11
2026-07-29 18:00:00,0.348
2026-07-29 19:00:00,0.354
2026-07-29 20:00:00,0.313
2026-07-29 21:00:00,0.311
2026-07-29 22:00:00,0.306
2026-07-29 23:00:00,0.097
2026-07-30 00:00:00,0.105
2026-07-30 01:00:00,0.136
2026-07-30 02:00:00,0.14
2026-07-30 03:00:00,0.152
2026-07-30 04:00:00,0.148
2026-07-30 05:00:00,0.122
2026-07-30 06:00:00,0.148
2026-07-30 07:00:00,0.267
2026-07-30 08:00:00,0.236
2026-07-30 09:00:00,0.21
2026-07-30 10:00:00,0.149
2026-07-30 11:00:00,0.124
2026-07-30 12:00:00,0.126
2026-07-30 13:00:00,0.105
2026-07-30 14:00:00,0.125
2026-07-30 15:00:00,0.101
2026-07-30 16:00:00,0.114
2026-07-30 17:00:00,0.108
2026-07-30 18:00:00,0.406
2026-07-30 19:00:00,0.378
2026-07-30 20:00:00,0.388
2026-07-30 21:00:00,0.368
2026-07-30 22:00:00,0.396
2026-07-30 23:00:00,0.146
2026-07-31 00:00:00,0.111
2026-07-31 01:00:00,0.104
2026-07-31 02:00:00,0.121
2026-07-31 03:00:00,0.11
2026-07-31 04:00:00,0.13
2026-07-31 05:00:00,0.131
2026-07-31 06:00:00,0.134
2026-07-31 07:00:00,0.223
2026-07-31 08:00:00,0.213
2026-07-31 09:00:00,0.221
2026-07-31 10:00:00,0.144
2026-07-31 11:00:00,0.107
2026-07-31 12:00:00,0.102
2026-07-31 13:00:00,0.152
2026-07-31 14:00:00,0.14
2026-07-31 15:00:00,0.108
2026-07-31 16:00:00,0.157
2026-07-31 17:00:00,0.148
2026-07-31 18:00:00,0.411
2026-07-31 19:00:00,0.405
2026-07-31 20:00:00,0.358
2026-07-31 21:00:00,0.353
2026-07-31 22:00:00,0.353
2026-07-31 23:00:00,0.129
2026-08-01 00:00:00,0.179
2026-08-01 01:00:00,0.181
2026-08-01 02:00:00,0.184
2026-08-01 03:00:00,0.147
2026-08-01 04:00:00,0.158
2026-08-01 05:00:00,0.176
2026-08-01 06:00:00,0.164
2026-08-01 07:00:00,0.332
2026-08-01 08:00:00,0.328
2026-08-01 09:00:00,0.312
2026-08-01 10:00:00,0.135
2026-08-01 11:00:00,0.143
2026-08-01 12:00:00,0.185
2026-08-01 13:00:00,0.174
2026-08-01 14:00:00,0.155
2026-08-01 15:00:00,0.196
2026-08-01 16:00:00,0.138
2026-08-01 17:00:00,0.141
2026-08-01 18:00:00,0.494
2026-08-01 19:00:00,0.466
2026-08-01 20:00:00,0.532
2026-08-01 21:00:00,0.498
2026-08-01 22:00:00,0.516
2026-08-01 23:00:00,0.173
2026-08-02 00:00:00,0.179
2026-08-02 01:00:00,0.219
2026-08-02 02:00:00,0.193
2026-08-02 03:00:00,0.218
2026-08-02 04:00:00,0.218
2026-08-02 05:00:00,0.223
2026-08-02 06:00:00,0.179
2026-08-02 07:00:00,0.352
2026-08-02 08:00:00,0.38
2026-08-02 09:00:00,0.335
2026-08-02 10:00:00,0.16
2026-08-02 11:00:00,0.147
2026-08-02 12:00:00,0.214
2026-08-02 13:00:00,0.22
2026-08-02 14:00:00,0.156
2026-08-02 15:00:00,0.172
2026-08-02 16:00:00,0.15
2026-08-02 17:00:00,0.204
2026-08-02 18:00:00,0.518
2026-08-02 19:00:00,0.552
2026-08-02 20:00:00,0.57
2026-08-02 21:00:00,0.56
2026-08-02 22:00:00,0.518
2026-08-02 23:00:00,0.148
2026-08-03 00:00:00,0.154
2026-08-03 01:00:00,0.111
2026-08-03 02:00:00,0.121
2026-08-03 03:00:00,0.107
2026-08-03 04:00:00,0.111
2026-08-03 05:00:00,0.117
2026-08-03 06:00:00,0.111
2026-08-03 07:00:00,0.267
2026-08-03 08:00:00,0.231
2026-08-03 09:00:00,0.269
2026-08-03 10:00:00,0.129
2026-08-03 11:00:00,0.157
2026-08-03 12:00:00,0.136
2026-08-03 13:00:00,0.149
2026-08-03 14:00:00,0.144
2026-08-03 15:00:00,0.107
2026-08-03 16:00:00,0.137
2026-08-03 17:00:00,0.128
2026-08-03 18:00:00,0.37
2026-08-03 19:00:00,0.387
2026-08-03 20:00:00,0.374
2026-08-03 21:00:00,0.412
2026-08-03 22:00:00,0.377
2026-08-03 23:00:00,0.155
2026-08-04 00:00:00,0.136
2026-08-04 01:00:00,0.147
2026-08-04 02:00:00,0.139
2026-08-04 03:00:00,0.137
2026-08-04 04:00:00,0.155
2026-08-04 05:00:00,0.104
2026-08-04 06:00:00,0.153
2026-08-04 07:00:00,0.253
2026-08-04 08:00:00,0.227
2026-08-04 09:00:00,0.253
2026-08-04 10:00:00,0.105
2026-08-04 11:00:00,0.124
2026-08-04 12:00:00,0.141
2026-08-04 13:00:00,0.118
2026-08-04 14:00:00,0.126
2026-08-04 15:00:00,0.144
2026-08-04 16:00:00,0.129
2026-08-04 17:00:00,0.146
2026-08-04 18:00:00,0.361
2026-08-04 19:00:00,0.403
2026-08-04 20:00:00,0.365
2026-08-04 21:00:00,0.363
2026-08-04 22:00:00,0.354
2026-08-04 23:00:00,0.12
2026-08-05 00:00:00,0.13
2026-08-05 01:00:00,0.107
2026-08-05 02:00:00,0.13
2026-08-05 03:00:00,0.118
2026-08-05 04:00:00,0.115
2026-08-05 05:00:00,0.102
2026-08-05 06:00:00,0.103
2026-08-05 07:00:00,0.22
2026-08-05 08:00:00,0.236
2026-08-05 09:00:00,0.194
2026-08-05 10:00:00,0.089
2026-08-05 11:00:00,0.13
2026-08-05 12:00:00,0.1
2026-08-05 13:00:00,0.097
2026-08-05 14:00:00,0.088
2026-08-05 15:00:00,0.118
2026-08-05 16:00:00,0.124
2026-08-05 17:00:00,0.09
2026-08-05 18:00:00,0.303
2026-08-05 19:00:00,0.33
2026-08-05 20:00:00,0.337
2026-08-05 21:00:00,0.342
2026-08-05 22:00:00,0.33
2026-08-05 23:00:00,0.101
2026-08-06 00:00:00,0.101
2026-08-06 01:00:00,0.157
2026-08-06 02:00:00,0.131
2026-08-06 03:00:00,0.106
2026-08-06 04:00:00,0.154
2026-08-06 05:00:00,0.154
2026-08-06 06:00:00,0.123
2026-08-06 07:00:00,0.212
2026-08-06 08:00:00,0.276
2026-08-06 09:00:00,0.269
2026-08-06 10:00:00,0.114
2026-08-06 11:00:00,0.14
2026-08-06 12:00:00,0.109
2026-08-06 13:00:00,0.112
2026-08-06 14:00:00,0.141
2026-08-06 15:00:00,0.14
2026-08-06 16:00:00,0.156
2026-08-06 17:00:00,0.129
2026-08-06 18:00:00,0.404
2026-08-06 19:00:00,0.365
2026-08-06 20:00:00,0.358
2026-08-06 21:00:00,0.356
2026-08-06 22:00:00,0.407
2026-08-06 23:00:00,0.109
2026-08-07 00:00:00,0.136
2026-08-07 01:00:00,0.159
2026-08-07 02:00:00,0.136
2026-08-07 03:00:00,0.15
2026-08-07 04:00:00,0.123
2026-08-07 05:00:00,0.109
2026-08-07 06:00:00,0.123
2026-08-07 07:00:00,0.237
2026-08-07 08:00:00,0.234
2026-08-07 09:00:00,0.255
2026-08-07 10:00:00,0.141
2026-08-07 11:00:00,0.128
2026-08-07 12:00:00,0.16
2026-08-07 13:00:00,0.145
2026-08-07 14:00:00,0.116
2026-08-07 15:00:00,0.115
2026-08-07 16:00:00,0.119
2026-08-07 17:00:00,0.142
2026-08-07 18:00:00,0.416
2026-08-07 19:00:00,0.406
2026-08-07 20:00:00,0.394
2026-08-07 21:00:00,0.351
2026-08-07 22:00:00,0.389
2026-08-07 23:00:00,0.148
2026-08-08 00:00:00,0.147
2026-08-08 01:00:00,0.164
2026-08-08 02:00:00,0.19
2026-08-08 03:00:00,0.161
2026-08-08 04:00:00,0.169
2026-08-08 05:00:00,0.189
2026-08-08 06:00:00,0.162
2026-08-08 07:00:00,0.307
2026-08-08 08:00:00,0.344
2026-08-08 09:00:00,0.313
2026-08-08 10:00:00,0.139
2026-08-08 11:00:00,0.136
2026-08-08 12:00:00,0.192
2026-08-08 13:00:00,0.13
2026-08-08 14:00:00,0.151
2026-08-08 15:00:00,0.162
2026-08-08 16:00:00,0.132
2026-08-08 17:00:00,0.151
2026-08-08 18:00:00,0.533
2026-08-08 19:00:00,0.484
2026-08-08 20:00:00,0.481
2026-08-08 21:00:00,0.543
2026-08-08 22:00:00,0.462
2026-08-08 23:00:00,0.181
2026-08-09 00:00:00,0.164
2026-08-09 01:00:00,0.215
2026-08-09 02:00:00,0.209
2026-08-09 03:00:00,0.213
2026-08-09 04:00:00,0.154
2026-08-09 05:00:00,0.16
2026-08-09 06:00:00,0.189
2026-08-09 07:00:00,0.308
2026-08-09 08:00:00,0.392
2026-08-09 09:00:00,0.313
2026-08-09 10:00:00,0.19
2026-08-09 11:00:00,0.187
2026-08-09 12:00:00,0.209
2026-08-09 13:00:00,0.203
2026-08-09 14:00:00,0.193
2026-08-09 15:00:00,0.202
2026-08-09 16:00:00,0.159
2026-08-09 17:00:00,0.149
2026-08-09 18:00:00,0.511
2026-08-09 19:00:00,0.568
2026-08-09 20:00:00,0.557
2026-08-09 21:00:00,0.576
2026-08-09 22:00:00,0.55
2026-08-09 23:00:00,0.145
2026-08-10 00:00:00,0.129
2026-08-10 01:00:00,0.127
2026-08-10 02:00:00,0.112
2026-08-10 03:00:00,0.129
2026-08-10 04:00:00,0.13
2026-08-10 05:00:00,0.158
2026-08-10 06:00:00,0.132
2026-08-10 07:00:00,0.206
2026-08-10 08:00:00,0.261
2026-08-10 09:00:00,0.245
2026-08-10 10:00:00,0.16
2026-08-10 11:00:00,0.113
2026-08-10 12:00:00,0.118
2026-08-10 13:00:00,0.137
2026-08-10 14:00:00,0.126
2026-08-10 15:00:00,0.125
2026-08-10 16:00:00,0.157
2026-08-10 17:00:00,0.132
2026-08-10 18:00:00,0.381
2026-08-10 19:00:00,0.366
2026-08-10 20:00:00,0.406
2026-08-10 21:00:00,0.363
2026-08-10 22:00:00,0.385
2026-08-10 23:00:00,0.129
2026-08-11 00:00:00,0.133
2026-08-11 01:00:00,0.114
2026-08-11 02:00:00,0.142
2026-08-11 03:00:00,0.109
2026-08-11 04:00:00,0.151
2026-08-11 05:00:00,0.159
2026-08-11 06:00:00,0.143
2026-08-11 07:00:00,0.252
2026-08-11 08:00:00,0.219
2026-08-11 09:00:00,0.236
2026-08-11 10:00:00,0.153
2026-08-11 11:00:00,0.109
2026-08-11 12:00:00,0.143
2026-08-11 13:00:00,0.121
2026-08-11 14:00:00,0.13
2026-08-11 15:00:00,0.126
2026-08-11 16:00:00,0.112
2026-08-11 17:00:00,0.127
2026-08-11 18:00:00,0.408
2026-08-11 19:00:00,0.396
2026-08-11 20:00:00,0.367
2026-08-11 21:00:00,0.35
2026-08-11 22:00:00,0.408
2026-08-11 23:00:00,0.154
2026-08-12 00:00:00,0.091
2026-08-12 01:00:00,0.104
2026-08-12 02:00:00,0.102
2026-08-12 03:00:00,0.12
2026-08-12 04:00:00,0.136
2026-08-12 05:00:00,0.091
2026-08-12 06:00:00,0.13
2026-08-12 07:00:00,0.218
2026-08-12 08:00:00,0.205
2026-08-12 09:00:00,0.225
2026-08-12 10:00:00,0.105
2026-08-12 11:00:00,0.1
2026-08-12 12:00:00,0.096
2026-08-12 13:00:00,0.088
2026-08-12 14:00:00,0.105
2026-08-12 15:00:00,0.098
2026-08-12 16:00:00,0.134
2026-08-12 17:00:00,0.127
2026-08-12 18:00:00,0.326
2026-08-12 19:00:00,0.301
2026-08-12 20:00:00,0.326
2026-08-12 21:00:00,0.311
2026-08-12 22:00:00,0.333
2026-08-12 23:00:00,0.128
2026-08-13 00:00:00,0.106
2026-08-13 01:00:00,0.133
2026-08-13 02:00:00,0.15
2026-08-13 03:00:00,0.157
2026-08-13 04:00:00,0.141
2026-08-13 05:00:00,0.146
2026-08-13 06:00:00,0.121
2026-08-13 07:00:00,0.218
2026-08-13 08:00:00,0.265
2026-08-13 09:00:00,0.207
2026-08-13 10:00:00,0.108
2026-08-13 11:00:00,0.104
2026-08-13 12:00:00,0.12
2026-08-13 13:00:00,0.125
2026-08-13 14:00:00,0.147
2026-08-13 15:00:00,0.13
2026-08-13 16:00:00,0.133
2026-08-13 17:00:00,0.1
2026-08-13 18:00:00,0.376
2026-08-13 19:00:00,0.367
2026-08-13 20:00:00,0.372
2026-08-13 21:00:00,0.42
2026-08-13 22:00:00,0.383
2026-08-13 23:00:00,0.152
2026-08-14 00:00:00,0.121
2026-08-14 01:00:00,0.14
2026-08-14 02:00:00,0.101
2026-08-14 03:00:00,0.149
2026-08-14 04:00:00,0.117
2026-08-14 05:00:00,0.135
2026-08-14 06:00:00,0.145
2026-08-14 07:00:00,0.241
2026-08-14 08:00:00,0.27
2026-08-14 09:00:00,0.25
2026-08-14 10:00:00,0.122
2026-08-14 11:00:00,0.146
2026-08-14 12:00:00,0.139
2026-08-14 13:00:00,0.154
2026-08-14 14:00:00,0.103
2026-08-14 15:00:00,0.156
2026-08-14 16:00:00,0.109
2026-08-14 17:00:00,0.127
2026-08-14 18:00:00,0.371
2026-08-14 19:00:00,0.413
2026-08-14 20:00:00,0.355
2026-08-14 21:00:00,0.393
2026-08-14 22:00:00,0.364
2026-08-14 23:00:00,0.156
2026-08-15 00:00:00,0.195
2026-08-15 01:00:00,0.153
2026-08-15 02:00:00,0.183
2026-08-15 03:00:00,0.136
2026-08-15 04:00:00,0.164
2026-08-15 05:00:00,0.135
2026-08-15 06:00:00,0.166
2026-08-15 07:00:00,0.335
2026-08-15 08:00:00,0.302
2026-08-15 09:00:00,0.347
2026-08-15 10:00:00,0.135
2026-08-15 11:00:00,0.194
2026-08-15 12:00:00,0.196
2026-08-15 13:00:00,0.147
2026-08-15 14:00:00,0.134
2026-08-15 15:00:00,0.172
2026-08-15 16:00:00,0.198
2026-08-15 17:00:00,0.19
2026-08-15 18:00:00,0.526
2026-08-15 19:00:00,0.544
2026-08-15 20:00:00,0.531
2026-08-15 21:00:00,0.521
2026-08-15 22:00:00,0.518
2026-08-15 23:00:00,0.164
2026-08-16 00:00:00,0.215
2026-08-16 01:00:00,0.174
2026-08-16 02:00:00,0.191
2026-08-16 03:00:00,0.163
2026-08-16 04:00:00,0.196
2026-08-16 05:00:00,0.167
2026-08-16 06:00:00,0.21
2026-08-16 07:00:00,0.383
2026-08-16 08:00:00,0.283
2026-08-16 09:00:00,0.302
2026-08-16 10:00:00,0.205
2026-08-16 11:00:00,0.166
2026-08-16 12:00:00,0.217
2026-08-16 13:00:00,0.191
2026-08-16 14:00:00,0.14
2026-08-16 15:00:00,0.172
2026-08-16 16:00:00,0.224
2026-08-16 17:00:00,0.179
2026-08-16 18:00:00,0.586
2026-08-16 19:00:00,0.497
2026-08-16 20:00:00,0.52
2026-08-16 21:00:00,0.546
2026-08-16 22:00:00,0.53
2026-08-16 23:00:00,0.216
2026-08-17 00:00:00,0.156
2026-08-17 01:00:00,0.13
2026-08-17 02:00:00,0.156
2026-08-17 03:00:00,0.143
2026-08-17 04:00:00,0.135
2026-08-17 05:00:00,0.143
2026-08-17 06:00:00,0.12
2026-08-17 07:00:00,0.249
2026-08-17 08:00:00,0.247
2026-08-17 09:00:00,0.277
2026-08-17 10:00:00,0.152
2026-08-17 11:00:00,0.101
2026-08-17 12:00:00,0.15
2026-08-17 13:00:00,0.11
2026-08-17 14:00:00,0.111
2026-08-17 15:00:00,0.107
2026-08-17 16:00:00,0.128
2026-08-17 17:00:00,0.134
2026-08-17 18:00:00,0.398
2026-08-17 19:00:00,0.387
2026-08-17 20:00:00,0.403
2026-08-17 21:00:00,0.4
2026-08-17 22:00:00,0.405
2026-08-17 23:00:00,0.109
2026-08-18 00:00:00,0.121
2026-08-18 01:00:00,0.122
2026-08-18 02:00:00,0.155
2026-08-18 03:00:00,0.159
2026-08-18 04:00:00,0.152
2026-08-18 05:00:00,0.135
2026-08-18 06:00:00,0.142
2026-08-18 07:00:00,0.254
2026-08-18 08:00:00,0.23
2026-08-18 09:00:00,0.218
2026-08-18 10:00:00,0.126
2026-08-18 11:00:00,0.104
2026-08-18 12:00:00,0.101
2026-08-18 13:00:00,0.107
2026-08-18 14:00:00,0.103
2026-08-18 15:00:00,0.108
2026-08-18 16:00:00,0.126
2026-08-18 17:00:00,0.124
2026-08-18 18:00:00,0.366
2026-08-18 19:00:00,0.392
2026-08-18 20:00:00,0.392
2026-08-18 21:00:00,0.387
2026-08-18 22:00:00,0.399
2026-08-18 23:00:00,0.152
2026-08-19 00:00:00,0.115
2026-08-19 01:00:00,0.117
2026-08-19 02:00:00,0.092
2026-08-19 03:00:00,0.098
2026-08-19 04:00:00,0.103
2026-08-19 05:00:00,0.112
2026-08-19 06:00:00,0.128
2026-08-19 07:00:00,0.234
2026-08-19 08:00:00,0.203
2026-08-19 09:00:00,0.234
2026-08-19 10:00:00,0.093
2026-08-19 11:00:00,0.101
2026-08-19 12:00:00,0.1
2026-08-19 13:00:00,0.123
2026-08-19 14:00:00,0.109
2026-08-19 15:00:00,0.088
2026-08-19 16:00:00,0.093
2026-08-19 17:00:00,0.107
2026-08-19 18:00:00,0.34
2026-08-19 19:00:00,0.31
2026-08-19 20:00:00,0.331
2026-08-19 21:00:00,0.354
2026-08-19 22:00:00,0.327
2026-08-19 23:00:00,0.126
2026-08-20 00:00:00,0.125
2026-08-20 01:00:00,0.139
2026-08-20 02:00:00,0.131
2026-08-20 03:00:00,0.113
2026-08-20 04:00:00,0.137
2026-08-20 05:00:00,0.102
2026-08-20 06:00:00,0.154
2026-08-20 07:00:00,0.214
2026-08-20 08:00:00,0.217
2026-08-20 09:00:00,0.249
2026-08-20 10:00:00,0.125
2026-08-20 11:00:00,0.128
2026-08-20 12:00:00,0.111
2026-08-20 13:00:00,0.102
2026-08-20 14:00:00,0.137
2026-08-20 15:00:00,0.115
2026-08-20 16:00:00,0.144
2026-08-20 17:00:00,0.129
2026-08-20 18:00:00,0.413
2026-08-20 19:00:00,0.417
2026-08-20 20:00:00,0.395
2026-08-20 21:00:00,0.358
2026-08-20 22:00:00,0.405
2026-08-20 23:00:00,0.108
2026-08-21 00:00:00,0.108
2026-08-21 01:00:00,0.111
2026-08-21 02:00:00,0.109
2026-08-21 03:00:00,0.156
2026-08-21 04:00:00,0.102
2026-08-21 05:00:00,0.146
2026-08-21 06:00:00,0.141
2026-08-21 07:00:00,0.24
2026-08-21 08:00:00,0.22
2026-08-21 09:00:00,0.233
2026-08-21 10:00:00,0.108
2026-08-21 11:00:00,0.105
2026-08-21 12:00:00,0.117
2026-08-21 13:00:00,0.118
2026-08-21 14:00:00,0.126
2026-08-21 15:00:00,0.121
2026-08-21 16:00:00,0.102
2026-08-21 17:00:00,0.114
2026-08-21 18:00:00,0.383
2026-08-21 19:00:00,0.356
2026-08-21 20:00:00,0.386
2026-08-21 21:00:00,0.397
2026-08-21 22:00:00,0.376
2026-08-21 23:00:00,0.109
2026-08-22 00:00:00,0.158
2026-08-22 01:00:00,0.132
2026-08-22 02:00:00,0.159
2026-08-22 03:00:00,0.167
2026-08-22 04:00:00,0.151
2026-08-22 05:00:00,0.201
2026-08-22 06:00:00,0.184
2026-08-22 07:00:00,0.269
2026-08-22 08:00:00,0.344
2026-08-22 09:00:00,0.267
2026-08-22 10:00:00,0.153
2026-08-22 11:00:00,0.197
2026-08-22 12:00:00,0.152
2026-08-22 13:00:00,0.179
2026-08-22 14:00:00,0.186
2026-08-22 15:00:00,0.157
2026-08-22 16:00:00,0.149
2026-08-22 17:00:00,0.176
2026-08-22 18:00:00,0.532
2026-08-22 19:00:00,0.526
2026-08-22 20:00:00,0.511
2026-08-22 21:00:00,0.477
2026-08-22 22:00:00,0.5
2026-08-22 23:00:00,0.135
2026-08-23 00:00:00,0.214
2026-08-23 01:00:00,0.195
2026-08-23 02:00:00,0.161
2026-08-23 03:00:00,0.164
2026-08-23 04:00:00,0.189
2026-08-23 05:00:00,0.178
2026-08-23 06:00:00,0.158
2026-08-23 07:00:00,0.328
2026-08-23 08:00:00,0.305
2026-08-23 09:00:00,0.39
2026-08-23 10:00:00,0.19
2026-08-23 11:00:00,0.173
2026-08-23 12:00:00,0.153
2026-08-23 13:00:00,0.144
2026-08-23 14:00:00,0.18
2026-08-23 15:00:00,0.175
2026-08-23 16:00:00,0.159
2026-08-23 17:00:00,0.183
2026-08-23 18:00:00,0.575
2026-08-23 19:00:00,0.557
2026-08-23 20:00:00,0.565
2026-08-23 21:00:00,0.546
2026-08-23 22:00:00,0.554
2026-08-23 23:00:00,0.19
2026-08-24 00:00:00,0.133
2026-08-24 01:00:00,0.149
2026-08-24 02:00:00,0.117
2026-08-24 03:00:00,0.136
2026-08-24 04:00:00,0.147
2026-08-24 05:00:00,0.151
2026-08-24 06:00:00,0.142
2026-08-24 07:00:00,0.215
2026-08-24 08:00:00,0.275
2026-08-24 09:00:00,0.273
2026-08-24 10:00:00,0.115
2026-08-24 11:00:00,0.147
2026-08-24 12:00:00,0.157
2026-08-24 13:00:00,0.134
2026-08-24 14:00:00,0.147
2026-08-24 15:00:00,0.158
2026-08-24 16:00:00,0.117
2026-08-24 17:00:00,0.128
2026-08-24 18:00:00,0.356
2026-08-24 19:00:00,0.374
2026-08-24 20:00:00,0.377
2026-08-24 21:00:00,0.35
2026-08-24 22:00:00,0.357
2026-08-24 23:00:00,0.135
2026-08-25 00:00:00,0.103
2026-08-25 01:00:00,0.138
2026-08-25 02:00:00,0.111
2026-08-25 03:00:00,0.129
2026-08-25 04:00:00,0.125
2026-08-25 05:00:00,0.147
2026-08-25 06:00:00,0.134
2026-08-25 07:00:00,0.24
2026-08-25 08:00:00,0.239
2026-08-25 09:00:00,0.223
2026-08-25 10:00:00,0.114
2026-08-25 11:00:00,0.141
2026-08-25 12:00:00,0.137
2026-08-25 13:00:00,0.143
2026-08-25 14:00:00,0.135
2026-08-25 15:00:00,0.14
2026-08-25 16:00:00,0.147
2026-08-25 17:00:00,0.118
2026-08-25 18:00:00,0.387
2026-08-25 19:00:00,0.396
2026-08-25 20:00:00,0.391
2026-08-25 21:00:00,0.383
2026-08-25 22:00:00,0.404
2026-08-25 23:00:00,0.118
2026-08-26 00:00:00,0.092
2026-08-26 01:00:00,0.09
2026-08-26 02:00:00,0.087
2026-08-26 03:00:00,0.096
2026-08-26 04:00:00,0.091
2026-08-26 05:00:00,0.088
2026-08-26 06:00:00,0.091
2026-08-26 07:00:00,0.174
2026-08-26 08:00:00,0.175
2026-08-26 09:00:00,0.232
2026-08-26 10:00:00,0.122
2026-08-26 11:00:00,0.118
2026-08-26 12:00:00,0.115
2026-08-26 13:00:00,0.104
2026-08-26 14:00:00,0.114
2026-08-26 15:00:00,0.118
2026-08-26 16:00:00,0.089
2026-08-26 17:00:00,0.11
2026-08-26 18:00:00,0.3
2026-08-26 19:00:00,0.32
2026-08-26 20:00:00,0.299
2026-08-26 21:00:00,0.353
2026-08-26 22:00:00,0.309
2026-08-26 23:00:00,0.099
2026-08-27 00:00:00,0.122
2026-08-27 01:00:00,0.143
2026-08-27 02:00:00,0.102
2026-08-27 03:00:00,0.152
2026-08-27 04:00:00,0.129
2026-08-27 05:00:00,0.11
2026-08-27 06:00:00,0.142
2026-08-27 07:00:00,0.246
2026-08-27 08:00:00,0.211
2026-08-27 09:00:00,0.257
2026-08-27 10:00:00,0.143
2026-08-27 11:00:00,0.12
2026-08-27 12:00:00,0.134
2026-08-27 13:00:00,0.133
2026-08-27 14:00:00,0.124
2026-08-27 15:00:00,0.136
2026-08-27 16:00:00,0.152
2026-08-27 17:00:00,0.105
2026-08-27 18:00:00,0.416
2026-08-27 19:00:00,0.401
2026-08-27 20:00:00,0.373
2026-08-27 21:00:00,0.392
2026-08-27 22:00:00,0.406
2026-08-27 23:00:00,0.117
2026-08-28 00:00:00,0.149
2026-08-28 01:00:00,0.12
2026-08-28 02:00:00,0.126
2026-08-28 03:00:00,0.113
2026-08-28 04:00:00,0.109
2026-08-28 05:00:00,0.158
2026-08-28 06:00:00,0.112
2026-08-28 07:00:00,0.249
2026-08-28 08:00:00,0.27
2026-08-28 09:00:00,0.241
2026-08-28 10:00:00,0.157
2026-08-28 11:00:00,0.145
2026-08-28 12:00:00,0.104
2026-08-28 13:00:00,0.123
2026-08-28 14:00:00,0.125
2026-08-28 15:00:00,0.126
2026-08-28 16:00:00,0.141
2026-08-28 17:00:00,0.101
2026-08-28 18:00:00,0.388
2026-08-28 19:00:00,0.384
2026-08-28 20:00:00,0.418
2026-08-28 21:00:00,0.378
2026-08-28 22:00:00,0.357
2026-08-28 23:00:00,0.121
2026-08-29 00:00:00,0.168
2026-08-29 01:00:00,0.195
2026-08-29 02:00:00,0.168
2026-08-29 03:00:00,0.18
2026-08-29 04:00:00,0.179
2026-08-29 05:00:00,0.151
2026-08-29 06:00:00,0.132
2026-08-29 07:00:00,0.362
2026-08-29 08:00:00,0.28
2026-08-29 09:00:00,0.345
2026-08-29 10:00:00,0.167
2026-08-29 11:00:00,0.137
2026-08-29 12:00:00,0.2
2026-08-29 13:00:00,0.148
2026-08-29 14:00:00,0.133
2026-08-29 15:00:00,0.181
2026-08-29 16:00:00,0.156
2026-08-29 17:00:00,0.177
2026-08-29 18:00:00,0.533
2026-08-29 19:00:00,0.524
2026-08-29 20:00:00,0.546
2026-08-29 21:00:00,0.527
2026-08-29 22:00:00,0.519
2026-08-29 23:00:00,0.133
2026-08-30 00:00:00,0.212
2026-08-30 01:00:00,0.188
2026-08-30 02:00:00,0.164
2026-08-30 03:00:00,0.151
2026-08-30 04:00:00,0.167
2026-08-30 05:00:00,0.216
2026-08-30 06:00:00,0.154
2026-08-30 07:00:00,0.382
2026-08-30 08:00:00,0.376
2026-08-30 09:00:00,0.341
2026-08-30 10:00:00,0.157
2026-08-30 11:00:00,0.208
2026-08-30 12:00:00,0.162
2026-08-30 13:00:00,0.151
2026-08-30 14:00:00,0.202
2026-08-30 15:00:00,0.193
2026-08-30 16:00:00,0.165
2026-08-30 17:00:00,0.177
2026-08-30 18:00:00,0.516
2026-08-30 19:00:00,0.558
2026-08-30 20:00:00,0.58
2026-08-30 21:00:00,0.539
2026-08-30 22:00:00,0.51
2026-08-30 23:00:00,0.154
2026-08-31 00:00:00,0.116
2026-08-31 01:00:00,0.137
2026-08-31 02:00:00,0.125
2026-08-31 03:00:00,0.12
2026-08-31 04:00:00,0.119
2026-08-31 05:00:00,0.123
2026-08-31 06:00:00,0.147
2026-08-31 07:00:00,0.232
2026-08-31 08:00:00,0.239
2026-08-31 09:00:00,0.221
2026-08-31 10:00:00,0.102
2026-08-31 11:00:00,0.12
2026-08-31 12:00:00,0.141
2026-08-31 13:00:00,0.113
2026-08-31 14:00:00,0.152
2026-08-31 15:00:00,0.158
2026-08-31 16:00:00,0.148
2026-08-31 17:00:00,0.149
2026-08-31 18:00:00,0.391
2026-08-31 19:00:00,0.394
2026-08-31 20:00:00,0.387
2026-08-31 21:00:00,0.414
2026-08-31 22:00:00,0.378
2026-08-31 23:00:00,0.153
