"date","total_energy_kwh","mean_energy_kwh","max_energy_kwh","min_energy_kwh"
2006-12-16,20.1529333333333,2.87899047619048,3.6322,2.0616
2006-12-17,56.5076666666667,2.35448611111111,3.6971,0.437733333333333
2006-12-18,36.7304333333333,1.53043472222222,3.05056666666667,0.276366666666667
2006-12-19,27.7699,1.15707916666667,3.87903333333333,0.300466666666667
2006-12-20,37.0958,1.54565833333333,3.64606666666667,0.258666666666667
2006-12-21,28.6104,1.1921,2.5758,0.246733333333333
2006-12-22,39.0223,1.62592916666667,4.54866666666667,0.264266666666667
2006-12-23,79.5564333333333,3.31485138888889,5.56246666666666,1.64936666666667
2006-12-24,42.5002,1.77084166666667,4.028,0.454033333333333
2006-12-25,45.7186666666667,1.90494444444444,4.21486666666667,0.264066666666667
2006-12-26,65.5685,2.73202083333333,4.0419,0.7682
2006-12-27,25.4793333333333,1.06163888888889,2.3531,0.263833333333333
2006-12-28,34.5439666666667,1.43933194444444,5.03533333333333,0.271
2006-12-29,52.9065333333333,2.20443888888889,4.31373333333334,0.317866666666667
2006-12-30,46.4883666666667,1.93701527777778,4.5093,0.256566666666667
2006-12-31,58.2366,2.426525,4.08456666666667,0.676233333333334
2007-01-01,45.8167333333333,1.90903055555556,3.14613333333333,0.4123
2007-01-02,21.1539333333333,0.881413888888889,2.57353333333333,0.412566666666666
2007-01-03,16.9009,0.704204166666667,1.6686,0.285133333333333
2007-01-04,54.3235333333333,2.26348055555556,4.06656666666667,0.419666666666667
2007-01-05,45.2227333333333,1.88428055555556,2.9757,0.341766666666667
2007-01-06,25.1396333333333,1.04748472222222,4.00293333333334,0.2954
2007-01-07,40.7936666666667,1.69973611111111,5.21153333333333,0.285366666666667
2007-01-08,37.356,1.5565,3.42503333333333,0.328933333333333
2007-01-09,31.1509,1.29795416666667,3.29246666666667,0.266666666666667
2007-01-10,35.9133333333333,1.49638888888889,3.97076666666667,0.267966666666667
2007-01-11,37.5865666666667,1.56610694444444,4.7842,0.2546
2007-01-12,24.3549333333333,1.01478888888889,2.8325,0.253866666666667
2007-01-13,53.1135666666667,2.21306527777778,5.81426666666667,0.256433333333333
2007-01-14,50.1302666666667,2.08876111111111,4.21113333333333,0.7125
2007-01-15,35.8113,1.4921375,2.97173333333333,0.244
2007-01-16,28.1067333333333,1.17111388888889,3.12616666666666,0.293666666666667
2007-01-17,47.4614666666667,1.97756111111111,4.08576666666667,0.246466666666667
2007-01-18,30.3577,1.26490416666667,3.13346666666667,0.272566666666667
2007-01-19,24.674,1.02808333333333,2.8391,0.2579
2007-01-20,52.2288666666667,2.17620277777778,5.34303333333333,1.02316666666667
2007-01-21,56.7877,2.36615416666667,6.07656666666667,0.545966666666667
2007-01-22,36.3415666666667,1.51423194444444,4.45573333333333,0.2603
2007-01-23,29.6273333333333,1.23447222222222,3.64096666666667,0.2587
2007-01-24,49.7975666666667,2.07489861111111,3.75816666666667,0.9241
2007-01-25,26.6057333333333,1.10857222222222,3.04243333333333,0.253166666666667
2007-01-26,26.9662,1.12359166666667,2.6074,0.266733333333333
2007-01-27,34.0678666666667,1.41949444444444,3.24183333333333,0.2627
2007-01-28,51.5034,2.145975,4.19583333333333,0.3386
2007-01-29,33.0444,1.37685,3.42033333333333,0.272033333333333
2007-01-30,28.4633,1.18597083333333,3.21446666666667,0.2837
2007-01-31,39.3958666666667,1.64149444444444,3.95983333333333,0.305366666666667
2007-02-01,30.4126666666667,1.26719444444444,3.29733333333333,0.278533333333333
2007-02-02,27.7956,1.15815,3.4555,0.265466666666667
2007-02-03,67.1620333333333,2.79841805555556,5.81466666666667,1.46226666666667
2007-02-04,59.9323333333333,2.49718055555556,5.07333333333333,1.1804
2007-02-05,27.4213333333333,1.14255555555556,3.44243333333333,0.301833333333333
2007-02-06,21.2246666666667,0.884361111111111,2.77906666666667,0.2711
2007-02-07,38.8003,1.61667916666667,3.7329,0.268066666666667
2007-02-08,30.0235666666667,1.25098194444444,3.36253333333333,0.267133333333333
2007-02-09,27.0033,1.1251375,3.83576666666667,0.2745
2007-02-10,47.1554666666667,1.96481111111111,4.71146666666666,0.323333333333333
2007-02-11,59.5204666666667,2.48001944444444,3.79126666666667,0.4385
2007-02-12,31.2935,1.30389583333333,3.60556666666667,0.3015
2007-02-13,23.5757666666667,0.982323611111111,3.5453,0.275866666666667
2007-02-14,41.6445333333333,1.73518888888889,4.36413333333333,0.283933333333333
2007-02-15,33.0891,1.3787125,4.1108,0.292433333333333
2007-02-16,28.3754666666667,1.18231111111111,3.32646666666667,0.325233333333333
2007-02-17,34.6152,1.4423,3.93523333333333,0.286133333333333
2007-02-18,63.8293666666667,2.65955694444444,4.465,0.304766666666667
2007-02-19,36.4435666666667,1.51848194444444,4.26356666666667,0.296533333333333
2007-02-20,52.4988,2.18745,4.4166,0.381166666666667
2007-02-21,34.5479,1.43949583333333,4.01613333333333,0.276533333333333
2007-02-22,56.1579666666667,2.33991527777778,6.36386666666667,0.341466666666667
2007-02-23,21.8913333333333,0.912138888888889,2.33936666666667,0.262733333333333
2007-02-24,11.9153666666667,0.496473611111111,2.0233,0.2488
2007-02-25,8.36233333333333,0.348430555555556,1.2028,0.2532
2007-02-26,9.47473333333333,0.394780555555556,0.947400000000001,0.2488
2007-02-27,8.6352,0.3598,1.2159,0.2501
2007-02-28,8.67956666666666,0.361648611111111,1.25003333333333,0.2525
2007-03-01,8.62606666666667,0.359419444444444,1.24373333333333,0.250133333333333
2007-03-02,8.5948,0.358116666666667,0.933033333333333,0.250233333333333
2007-03-03,13.6520333333333,0.568834722222222,1.81356666666667,0.257266666666667
2007-03-04,34.845,1.451875,5.43213333333333,0.255233333333333
2007-03-05,44.3388666666667,1.84745277777778,5.6449,0.279966666666667
2007-03-06,20.775,0.865625,2.67656666666667,0.270033333333333
2007-03-07,39.5867666666667,1.64944861111111,4.85256666666667,0.262
2007-03-08,26.2022,1.09175833333333,3.5261,0.3553
2007-03-09,21.2102,0.883758333333334,2.1663,0.266766666666667
2007-03-10,41.4118666666667,1.72549444444444,3.41746666666667,0.2773
2007-03-11,58.0106,2.41710833333333,4.6315,0.773666666666667
2007-03-12,32.5111333333333,1.35463055555556,3.31143333333333,0.285333333333333
2007-03-13,21.5024,0.895933333333333,3.45516666666667,0.272866666666667
2007-03-14,29.8894,1.24539166666667,3.70646666666667,0.3016
2007-03-15,31.4135666666667,1.30889861111111,3.57626666666667,0.272533333333333
2007-03-16,28.3675666666667,1.18198194444444,3.78156666666667,0.278866666666667
2007-03-17,33.8015,1.40839583333333,4.12983333333333,0.270833333333333
2007-03-18,39.5174333333333,1.64655972222222,4.1248,0.275933333333333
2007-03-19,35.8753,1.49480416666667,4.10206666666667,0.275133333333333
2007-03-20,34.7704666666667,1.44876944444444,5.2927,0.2734
2007-03-21,35.7015333333333,1.48756388888889,3.04246666666667,0.283966666666667
2007-03-22,24.2496333333333,1.01040138888889,2.5913,0.284533333333333
2007-03-23,21.8168,0.909033333333333,2.17366666666667,0.258866666666667
2007-03-24,49.4738333333333,2.06140972222222,5.01586666666667,0.245233333333333
2007-03-25,55.6020666666667,2.31675277777778,4.44676666666667,0.3447
2007-03-26,23.6013666666667,0.983390277777778,2.5576,0.2736
2007-03-27,18.419,0.767458333333333,2.90333333333333,0.264366666666667
2007-03-28,38.8983,1.6207625,4.0896,0.2843
2007-03-29,26.5067666666667,1.10444861111111,3.37193333333333,0.289633333333334
2007-03-30,23.3732333333333,0.973884722222222,2.5133,0.2958
2007-03-31,58.4918333333333,2.43715972222222,5.16106666666667,0.364866666666666
2007-04-01,46.4325333333333,1.93468888888889,4.24103333333333,0.293
2007-04-02,32.6796333333333,1.36165138888889,3.3631,0.282
2007-04-03,27.3803333333333,1.14084722222222,4.56563333333333,0.282266666666667
2007-04-04,34.1978,1.42490833333333,3.79586666666667,0.269033333333333
2007-04-05,30.7346333333333,1.28060972222222,4.75263333333333,0.266833333333333
2007-04-06,26.6856666666667,1.11190277777778,3.19456666666667,0.3037
2007-04-07,25.8987333333333,1.07911388888889,3.37786666666667,0.2928
2007-04-08,26.8136,1.11723333333333,2.79076666666667,0.259533333333333
2007-04-09,16.682,0.695083333333333,2.41473333333333,0.270366666666667
2007-04-10,12.9560666666667,0.539836111111111,1.8182,0.264033333333333
2007-04-11,14.7913666666667,0.616306944444445,1.57743333333333,0.270866666666667
2007-04-12,8.96176666666667,0.373406944444445,1.01553333333333,0.2677
2007-04-13,9.1837,0.382654166666667,1.06216666666667,0.260166666666666
2007-04-14,9.2378,0.384908333333333,1.15523333333333,0.259166666666667
2007-04-15,12.1027333333333,0.504280555555556,1.78783333333333,0.204533333333333
2007-04-16,15.8731666666667,0.661381944444445,2.90346666666667,0.192833333333333
2007-04-17,20.3955666666667,0.849815277777778,2.72066666666667,0.2472
2007-04-18,16.6374333333333,0.693226388888889,1.81146666666667,0.201933333333333
2007-04-19,17.1443,0.714345833333333,1.49506666666667,0.189466666666667
2007-04-20,13.7096666666667,0.571236111111111,2.88426666666667,0.1757
2007-04-21,27.8942666666667,1.16226111111111,3.54023333333333,0.1792
2007-04-22,37.2285666666667,1.55119027777778,3.34676666666667,0.2243
2007-04-23,17.5761,0.7323375,2.01553333333333,0.163366666666667
2007-04-24,17.2016666666667,0.716736111111111,2.09743333333333,0.218433333333333
2007-04-25,21.0693666666667,0.877890277777778,2.80053333333333,0.178933333333333
2007-04-26,21.2577666666667,0.885740277777778,2.96036666666667,0.170966666666667
2007-04-27,18.2388666666667,0.759952777777778,3.10333333333333,0.1691
2007-04-28,0.378966666666667,0.378966666666667,0.378966666666667,0.378966666666667
2007-04-29,,,,
2007-04-30,7.0137,0.70137,1.9446,0.129166666666667
2007-05-01,27.7309666666667,1.15545694444444,3.45216666666667,0.189433333333333
2007-05-02,16.7247666666667,0.696865277777778,1.80923333333333,0.180566666666667
2007-05-03,18.1706333333333,0.757109722222222,2.35683333333333,0.168866666666667
2007-05-04,16.6354666666667,0.693144444444444,3.15606666666667,0.166766666666667
2007-05-05,26.0508666666667,1.08545277777778,3.23503333333333,0.167666666666667
2007-05-06,35.0350666666667,1.45979444444444,3.02243333333333,0.377666666666667
2007-05-07,27.3944,1.14143333333333,3.40123333333333,0.176666666666667
2007-05-08,29.8215333333333,1.24256388888889,4.71913333333333,0.2559
2007-05-09,27.7622666666667,1.15676111111111,2.89326666666667,0.1813
2007-05-10,11.7980666666667,0.491586111111111,1.9637,0.170466666666667
2007-05-11,16.3192333333333,0.679968055555556,2.17513333333333,0.179
2007-05-12,24.0261,1.0010875,2.9113,0.196733333333333
2007-05-13,27.2456333333333,1.13523472222222,2.67953333333333,0.220266666666667
2007-05-14,24.4630333333333,1.01929305555556,3.56123333333333,0.270466666666667
2007-05-15,15.0732,0.62805,1.36556666666667,0.316433333333334
2007-05-16,28.2157333333333,1.17565555555556,2.8142,0.2627
2007-05-17,20.5302666666667,0.855427777777778,2.25603333333333,0.268533333333333
2007-05-18,27.1921666666667,1.13300694444444,3.98566666666667,0.2643
2007-05-19,23.8240333333333,0.992668055555555,2.62823333333333,0.276133333333333
2007-05-20,32.8054666666667,1.36689444444444,4.09726666666667,0.286833333333333
2007-05-21,18.6677,0.777820833333333,1.787,0.277166666666667
2007-05-22,18.8808666666667,0.786702777777778,2.8976,0.2638
2007-05-23,24.4156,1.01731666666667,2.454,0.267966666666667
2007-05-24,19.2398,0.801658333333333,2.5698,0.2547
2007-05-25,26.9036666666667,1.12098611111111,4.47473333333333,0.2815
2007-05-26,25.2041333333333,1.05017222222222,2.1315,0.2928
2007-05-27,35.8968,1.4957,4.11413333333333,0.286233333333333
2007-05-28,27.2911333333333,1.13713055555556,2.7952,0.2948
2007-05-29,17.689,0.737041666666667,2.48023333333333,0.274966666666667
2007-05-30,26.8311,1.1179625,2.5984,0.2631
2007-05-31,15.6425,0.651770833333333,1.99963333333333,0.251866666666667
2007-06-01,17.4153,0.7256375,1.75253333333333,0.269233333333333
2007-06-02,24.7393666666667,1.03080694444444,3.1521,0.271466666666667
2007-06-03,35.1337666666667,1.46390694444444,3.7925,0.270766666666666
2007-06-04,15.1936333333333,0.633068055555556,1.64726666666667,0.2438
2007-06-05,24.3148666666667,1.01311944444444,2.30873333333333,0.246466666666667
2007-06-06,28.2273,1.1761375,2.544,0.2407
2007-06-07,16.4167,0.684029166666666,1.3164,0.2302
2007-06-08,35.8007666666667,1.49169861111111,4.20056666666667,0.2304
2007-06-09,17.6635666666667,0.735981944444444,1.37283333333333,0.273666666666667
2007-06-10,22.3468666666667,0.931119444444444,2.2255,0.1811
2007-06-11,13.2442333333333,0.551843055555556,1.6075,0.1837
2007-06-12,15.3127666666667,0.638031944444444,2.0773,0.155966666666667
2007-06-13,15.4545333333333,0.643938888888889,1.4244,0.1681
2007-06-14,20.9847333333333,0.874363888888889,3.23296666666667,0.167266666666667
2007-06-15,16.4934,0.687225,1.9974,0.1663
2007-06-16,33.6293666666667,1.40122361111111,3.34083333333333,0.214433333333334
2007-06-17,32.4515,1.35214583333333,3.9889,0.153866666666667
2007-06-18,11.3079,0.4711625,1.41346666666667,0.138733333333333
2007-06-19,14.0393333333333,0.584972222222222,1.7554,0.142
2007-06-20,17.9047666666667,0.746031944444444,3.2391,0.156733333333333
2007-06-21,13.4491,0.560379166666667,2.16686666666667,0.180833333333333
2007-06-22,9.43823333333334,0.393259722222222,1.2185,0.1803
2007-06-23,7.95943333333334,0.331643055555556,1.21666666666667,0.175566666666667
2007-06-24,11.9109333333333,0.496288888888889,1.27233333333333,0.1953
2007-06-25,17.8700333333333,0.744584722222222,3.56833333333333,0.172933333333334
2007-06-26,15.7484666666667,0.656186111111111,3.5618,0.178
2007-06-27,24.6804333333333,1.02835138888889,4.59796666666667,0.1873
2007-06-28,21.5906333333333,0.899609722222222,2.79036666666667,0.22
2007-06-29,21.7366333333333,0.905693055555556,3.11996666666667,0.1766
2007-06-30,22.2552333333333,0.927301388888889,2.88723333333333,0.184333333333333
2007-07-01,17.1110666666667,0.712961111111111,2.49373333333333,0.243233333333333
2007-07-02,16.1172,0.67155,3.10566666666667,0.163833333333334
2007-07-03,17.6652,0.73605,3.94863333333333,0.2297
2007-07-04,16.7235,0.6968125,2.78786666666667,0.2023
2007-07-05,17.6215,0.734229166666667,2.70363333333333,0.178433333333333
2007-07-06,17.8254,0.742725,4.27223333333333,0.1764
2007-07-07,22.6367666666667,0.943198611111111,2.52583333333333,0.187533333333333
2007-07-08,18.1513333333333,0.756305555555556,2.09806666666667,0.2113
2007-07-09,19.6693,0.819554166666666,2.6201,0.191133333333333
2007-07-10,15.1387333333333,0.630780555555556,3.25283333333334,0.2003
2007-07-11,12.0392,0.501633333333333,1.80096666666667,0.186366666666667
2007-07-12,17.8263666666667,0.742765277777778,2.85886666666667,0.1828
2007-07-13,13.2397,0.551654166666667,1.737,0.204733333333333
2007-07-14,21.4695,0.8945625,3.7519,0.1834
2007-07-15,15.5482166666667,0.647842361111111,1.82046666666667,0.1256
2007-07-16,14.2279,0.592829166666667,1.37506666666667,0.205533333333333
2007-07-17,11.9938666666667,0.499744444444445,2.01486666666667,0.1949
2007-07-18,12.6180333333333,0.525751388888889,2.1119,0.179066666666667
2007-07-19,11.2981,0.470754166666667,1.505,0.188233333333333
2007-07-20,18.5070333333333,0.771126388888889,2.81283333333333,0.196666666666667
2007-07-21,17.6708,0.736283333333333,1.84963333333333,0.184966666666667
2007-07-22,22.9295666666667,0.955398611111111,3.03323333333333,0.182266666666667
2007-07-23,16.5169666666667,0.688206944444444,2.70186666666667,0.183666666666667
2007-07-24,13.7547333333333,0.573113888888889,1.45566666666667,0.167366666666667
2007-07-25,7.876,0.328166666666667,0.940733333333333,0.1769
2007-07-26,15.4083333333333,0.642013888888889,2.47306666666667,0.179466666666667
2007-07-27,20.0419,0.835079166666666,2.2491,0.170566666666667
2007-07-28,27.0310333333333,1.12629305555556,2.98906666666667,0.1767
2007-07-29,5.35193333333333,0.222997222222222,0.732933333333333,0.159766666666667
2007-07-30,7.78026666666666,0.324177777777778,1.19143333333333,0.148166666666667
2007-07-31,13.5388666666667,0.564119444444445,2.0913,0.152233333333333
2007-08-01,17.6723,0.736345833333333,2.14806666666667,0.162333333333333
2007-08-02,16.9902666666667,0.707927777777778,1.99753333333333,0.1641
2007-08-03,17.7227333333333,0.738447222222222,1.7135,0.160666666666667
2007-08-04,19.0831666666667,0.795131944444444,2.206,0.157533333333333
2007-08-05,13.1183,0.546595833333334,1.80416666666667,0.175666666666667
2007-08-06,18.162,0.75675,2.2215,0.1779
2007-08-07,24.7263333333333,1.03026388888889,2.13696666666667,0.154766666666667
2007-08-08,18.7580333333333,0.781584722222222,2.66113333333333,0.166666666666667
2007-08-09,17.8613333333333,0.744222222222222,2.7738,0.146966666666667
2007-08-10,17.1335,0.713895833333333,2.31953333333333,0.1461
2007-08-11,18.1941666666667,0.758090277777778,2.6036,0.153833333333333
2007-08-12,20.6984,0.862433333333333,4.6344,0.155633333333333
2007-08-13,19.2168666666667,0.800702777777778,1.98243333333333,0.1604
2007-08-14,15.6865,0.653604166666667,2.3496,0.151066666666667
2007-08-15,19.8643333333333,0.827680555555555,2.82706666666667,0.158666666666667
2007-08-16,15.9749333333333,0.665622222222222,1.98253333333333,0.151466666666667
2007-08-17,16.8315333333333,0.701313888888889,3.14446666666667,0.153666666666667
2007-08-18,5.79933333333333,0.241638888888889,0.933533333333334,0.148933333333333
2007-08-19,23.7049,0.987704166666667,3.69613333333333,0.147966666666667
2007-08-20,22.3140333333333,0.929751388888889,2.18876666666667,0.1659
2007-08-21,10.7092666666667,0.446219444444444,1.7089,0.169166666666667
2007-08-22,20.1634666666667,0.840144444444444,3.23913333333333,0.165533333333333
2007-08-23,18.5385333333333,0.772438888888889,2.4528,0.175433333333333
2007-08-24,27.6035666666667,1.15014861111111,2.8103,0.1659
2007-08-25,19.1813333333333,0.799222222222222,3.5055,0.171866666666667
2007-08-26,21.9151,0.913129166666666,3.7632,0.181866666666667
2007-08-27,20.1955,0.841479166666667,2.99443333333333,0.231
2007-08-28,16.6167333333333,0.692363888888889,2.2551,0.1738
2007-08-29,12.4665333333333,0.519438888888889,1.8076,0.1762
2007-08-30,20.0409666666667,0.835040277777778,3.06203333333333,0.1605
2007-08-31,21.3303666666667,0.888765277777778,2.72733333333333,0.166666666666667
2007-09-01,28.3581,1.1815875,3.15846666666667,0.1958
2007-09-02,27.7078,1.15449166666667,2.9593,0.157333333333333
2007-09-03,17.3153666666667,0.721473611111111,2.61536666666667,0.187233333333333
2007-09-04,26.4157333333333,1.10065555555556,3.2361,0.171933333333333
2007-09-05,20.6095333333333,0.858730555555555,3.1208,0.173966666666667
2007-09-06,15.0245666666667,0.626023611111111,2.64613333333333,0.181866666666667
2007-09-07,22.2749333333333,0.928122222222222,2.6643,0.151666666666667
2007-09-08,24.4958666666667,1.02066111111111,2.87113333333333,0.168466666666667
2007-09-09,27.9917,1.16632083333333,3.10953333333333,0.1654
2007-09-10,18.6229333333333,0.775955555555556,3.53953333333333,0.1682
2007-09-11,16.3928666666667,0.683036111111111,3.3426,0.1571
2007-09-12,21.4627333333333,0.894280555555555,3.3821,0.172833333333333
2007-09-13,19.1063666666667,0.796098611111111,3.60033333333334,0.1619
2007-09-14,18.9245,0.788520833333333,2.24976666666667,0.176433333333333
2007-09-15,18.2552,0.760633333333333,1.82106666666667,0.210933333333333
2007-09-16,27.5370666666667,1.14737777777778,3.81396666666667,0.1669
2007-09-17,24.3531,1.0147125,5.73576666666667,0.161433333333333
2007-09-18,19.4586666666667,0.810777777777778,2.29913333333333,0.1635
2007-09-19,21.6447333333333,0.901863888888889,2.96223333333333,0.1563
2007-09-20,20.9255333333333,0.871897222222222,2.68523333333333,0.148666666666667
2007-09-21,20.6463333333333,0.860263888888889,3.53376666666667,0.150933333333333
2007-09-22,19.6028666666667,0.816786111111111,2.68773333333333,0.173866666666667
2007-09-23,23.6328333333333,0.984701388888889,3.28526666666667,0.199633333333333
2007-09-24,22.5755,0.940645833333333,3.47576666666667,0.159866666666667
2007-09-25,29.4057,1.2252375,3.3475,0.161333333333333
2007-09-26,30.3710666666667,1.26546111111111,4.82186666666667,0.255366666666667
2007-09-27,23.21,0.967083333333333,3.02066666666667,0.2571
2007-09-28,28.0083,1.1670125,3.5643,0.253933333333333
2007-09-29,38.2753666666667,1.59480694444444,3.49076666666667,0.265666666666667
2007-09-30,25.2715,1.05297916666667,2.8233,0.260333333333333
2007-10-01,28.6820333333333,1.19508472222222,3.3244,0.250933333333333
2007-10-02,36.6477333333333,1.52698888888889,2.77996666666667,0.2761
2007-10-03,21.3409,0.889204166666667,2.7942,0.268966666666667
2007-10-04,25.3076333333333,1.05448472222222,3.39463333333333,0.283133333333333
2007-10-05,23.2348666666667,0.968119444444444,1.99466666666667,0.273933333333333
2007-10-06,29.2706666666667,1.21961111111111,2.66183333333333,0.2595
2007-10-07,35.1019,1.46257916666667,4.0393,0.317966666666667
2007-10-08,18.2540333333333,0.760584722222222,2.68903333333333,0.305166666666667
2007-10-09,28.1309666666667,1.17212361111111,3.96733333333333,0.273066666666667
2007-10-10,19.4495333333333,0.810397222222222,3.18873333333333,0.282333333333333
2007-10-11,28.8741,1.2030875,4.31836666666667,0.307733333333333
2007-10-12,31.9084,1.32951666666667,3.562,0.291633333333333
2007-10-13,32.1121333333333,1.33800555555556,5.0948,0.286266666666667
2007-10-14,34.3542,1.431425,4.1698,0.273066666666667
2007-10-15,21.1055,0.879395833333333,3.0245,0.279166666666667
2007-10-16,32.7407,1.36419583333333,3.60346666666667,0.264266666666667
2007-10-17,26.2821666666667,1.09509027777778,3.0821,0.2906
2007-10-18,25.3088333333333,1.05453472222222,3.40176666666667,0.304066666666667
2007-10-19,34.7608,1.44836666666667,4.32846666666667,0.276366666666667
2007-10-20,27.6707666666667,1.15294861111111,2.504,0.284166666666667
2007-10-21,32.3656666666667,1.34856944444444,3.74083333333333,0.288466666666667
2007-10-22,27.5482666666667,1.14784444444444,2.42333333333333,0.2952
2007-10-23,32.5774666666667,1.35739444444444,4.50836666666667,0.266066666666667
2007-10-24,31.0939333333333,1.29558055555556,3.7766,0.285633333333333
2007-10-25,30.8986333333333,1.28744305555556,4.80096666666666,0.270766666666667
2007-10-26,23.9594666666667,0.998311111111111,2.7048,0.459833333333333
2007-10-27,29.7614666666667,1.24006111111111,4.33676666666667,0.260766666666667
2007-10-28,8.53596666666666,0.355665277777778,0.918266666666666,0.2464
2007-10-29,9.09046666666667,0.378769444444444,1.2306,0.2458
2007-10-30,13.5168,0.5632,3.35703333333333,0.2426
2007-10-31,21.3868333333333,0.891118055555556,3.67363333333333,0.241166666666667
2007-11-01,8.27026666666666,0.344594444444444,1.2346,0.237466666666666
2007-11-02,24.0600333333333,1.00250138888889,3.0781,0.241966666666667
2007-11-03,8.20916666666667,0.342048611111111,0.903066666666667,0.230733333333333
2007-11-04,24.7614333333333,1.03172638888889,4.84356666666667,0.259533333333333
2007-11-05,25.0098666666667,1.04207777777778,2.24376666666667,0.280633333333333
2007-11-06,34.7063,1.44609583333333,3.21403333333333,0.289666666666667
2007-11-07,30.7459666666667,1.28108194444444,4.48336666666666,0.267333333333333
2007-11-08,25.0176666666667,1.04240277777778,3.3366,0.2739
2007-11-09,36.1871,1.50779583333333,3.8873,0.282133333333333
2007-11-10,43.5266666666667,1.81361111111111,4.19123333333333,0.265033333333333
2007-11-11,31.4520666666667,1.31050277777778,3.7612,0.3302
2007-11-12,35.9357666666667,1.49732361111111,4.75983333333334,0.3069
2007-11-13,36.9066333333333,1.53777638888889,4.63866666666667,0.291866666666667
2007-11-14,34.1332333333333,1.42221805555556,2.6945,0.277566666666667
2007-11-15,24.8664666666667,1.03610277777778,3.09373333333333,0.2652
2007-11-16,38.4959,1.60399583333333,3.7717,0.275066666666667
2007-11-17,43.5015666666667,1.81256527777778,4.91236666666667,0.2612
2007-11-18,36.3976333333333,1.51656805555556,4.21636666666667,0.3023
2007-11-19,28.7275666666667,1.19698194444444,3.81583333333333,0.2661
2007-11-20,34.9309333333333,1.45545555555556,3.35863333333333,0.282466666666666
2007-11-21,29.1972666666667,1.21655277777778,3.08053333333333,0.293766666666667
2007-11-22,32.2063,1.34192916666667,4.58306666666667,0.2617
2007-11-23,42.0436333333333,1.75181805555556,4.40163333333333,0.2728
2007-11-24,31.6509,1.3187875,3.77996666666667,0.293933333333333
2007-11-25,23.2599666666667,0.969165277777778,3.75123333333333,0.268033333333333
2007-11-26,26.1619333333333,1.09008055555556,3.27076666666667,0.267433333333333
2007-11-27,46.6835333333333,1.94514722222222,4.31096666666667,0.284333333333333
2007-11-28,27.4156666666667,1.14231944444444,2.79496666666667,0.3238
2007-11-29,28.6538333333333,1.19390972222222,3.17903333333333,0.2819
2007-11-30,38.8621333333333,1.61925555555556,4.56323333333333,0.357333333333333
2007-12-01,52.2490333333333,2.17704305555556,5.13956666666667,0.268933333333333
2007-12-02,49.1031333333333,2.04596388888889,4.41016666666667,0.2464
2007-12-03,29.3676666666667,1.22365277777778,3.16173333333333,0.288
2007-12-04,34.4606,1.43585833333333,5.06606666666667,0.279133333333333
2007-12-05,35.8853333333333,1.49522222222222,4.28263333333333,0.462666666666667
2007-12-06,41.4655666666667,1.72773194444444,4.73903333333333,0.269666666666667
2007-12-07,29.4836,1.22848333333333,3.49486666666667,0.290633333333333
2007-12-08,36.8900666666667,1.53708611111111,5.21293333333334,0.2704
2007-12-09,37.9097333333333,1.57957222222222,4.8082,0.280966666666667
2007-12-10,29.3125666666667,1.22135694444444,3.21626666666667,0.284933333333333
2007-12-11,38.4184,1.60076666666667,3.24006666666667,0.262466666666667
2007-12-12,26.4677,1.10282083333333,2.9594,0.2684
2007-12-13,30.7957666666667,1.28315694444444,4.14263333333333,0.2578
2007-12-14,32.9134666666667,1.37139444444444,4.4303,0.2805
2007-12-15,45.6146,1.90060833333333,4.33306666666667,0.278633333333333
2007-12-16,46.0369666666667,1.91820694444444,4.56163333333333,0.2738
2007-12-17,29.9511,1.2479625,4.011,0.259433333333333
2007-12-18,43.7199,1.8216625,4.51456666666667,0.270966666666667
2007-12-19,36.6008666666667,1.52503611111111,3.6346,0.2647
2007-12-20,32.4959666666667,1.35399861111111,2.9681,0.275933333333333
2007-12-21,33.0429333333333,1.37678888888889,3.12243333333333,0.2624
2007-12-22,43.5210666666667,1.81337777777778,4.9255,0.270333333333333
2007-12-23,40.1508,1.67295,6.488,0.345166666666667
2007-12-24,37.6308,1.56795,3.99476666666667,0.2711
2007-12-25,44.9161333333333,1.87150555555556,4.59743333333333,0.277266666666666
2007-12-26,43.0046666666667,1.79186111111111,3.98106666666667,0.372933333333333
2007-12-27,42.2033,1.75847083333333,5.1752,0.2858
2007-12-28,51.8842,2.16184166666667,6.33366666666667,0.294033333333333
2007-12-29,54.9826,2.29094166666667,5.2267,0.8135
2007-12-30,42.6486,1.777025,4.94196666666667,0.2791
2007-12-31,36.9423666666667,1.53926527777778,3.82316666666667,0.2886
2008-01-01,45.9956333333333,1.91648472222222,3.00723333333333,0.395866666666667
2008-01-02,27.4017666666667,1.14174027777778,2.26323333333333,0.325566666666667
2008-01-03,25.1684666666667,1.04868611111111,2.56743333333333,0.336266666666666
2008-01-04,38.1975333333333,1.59156388888889,3.81396666666667,0.267433333333333
2008-01-05,36.3874666666667,1.51614444444444,3.6183,0.2802
2008-01-06,30.4197333333333,1.26748888888889,3.629,0.273433333333333
2008-01-07,28.2635666666667,1.17764861111111,3.39926666666667,0.2741
2008-01-08,34.0591666666667,1.41913194444444,4.36503333333333,0.270366666666667
2008-01-09,29.8073333333333,1.24197222222222,3.1422,0.261033333333334
2008-01-10,31.5679333333333,1.31533055555556,3.28376666666667,0.330933333333333
2008-01-11,28.4303,1.18459583333333,3.05746666666667,0.2717
2008-01-12,47.8568,1.99403333333333,5.1968,0.4402
2008-01-13,48.0276,2.00115,4.6702,0.2664
2008-01-14,33.7488666666667,1.40620277777778,5.13686666666667,0.289466666666667
2008-01-15,44.7818666666667,1.86591111111111,5.23726666666667,0.386366666666667
2008-01-16,35.5975333333333,1.48323055555556,3.26866666666667,0.4302
2008-01-17,26.2047,1.0918625,3.012,0.364833333333334
2008-01-18,36.4498,1.51874166666667,3.53806666666667,0.366833333333333
2008-01-19,33.0051,1.3752125,3.13593333333333,0.265966666666667
2008-01-20,29.0061333333333,1.20858888888889,3.1005,0.2951
2008-01-21,30.9833,1.29097083333333,3.239,0.377033333333333
2008-01-22,38.7503,1.61459583333333,4.32843333333333,0.3679
2008-01-23,31.3718,1.30715833333333,2.7542,0.357666666666667
2008-01-24,27.4170333333333,1.14237638888889,3.5317,0.2577
2008-01-25,37.3309333333333,1.55545555555556,2.97423333333333,0.362933333333334
2008-01-26,47.2498,1.96874166666667,6.0138,0.380066666666667
2008-01-27,39.6961,1.65400416666667,4.75413333333333,0.311766666666667
2008-01-28,38.4699333333333,1.60291388888889,2.85143333333333,0.367433333333333
2008-01-29,44.6004,1.85835,4.46046666666667,0.390366666666667
2008-01-30,27.3441,1.1393375,2.70483333333333,0.381066666666667
2008-01-31,32.5653666666667,1.35689027777778,3.93023333333333,0.365633333333333
2008-02-01,25.5775333333333,1.06573055555556,3.0193,0.297533333333333
2008-02-02,48.9339,2.0389125,6.49603333333333,0.281033333333333
2008-02-03,34.7428,1.44761666666667,3.46273333333333,0.2677
2008-02-04,27.1356333333333,1.13065138888889,2.7501,0.267233333333333
2008-02-05,41.2076,1.71698333333333,3.8758,0.267833333333333
2008-02-06,27.8256666666667,1.15940277777778,3.61686666666667,0.272
2008-02-07,25.3051666666667,1.05438194444444,3.4857,0.265966666666667
2008-02-08,32.5094,1.35455833333333,3.03936666666667,0.271833333333333
2008-02-09,35.0379333333333,1.45991388888889,3.92086666666667,0.261833333333333
2008-02-10,36.4119,1.5171625,4.24483333333333,0.269133333333333
2008-02-11,28.2002666666667,1.17501111111111,3.1043,0.270666666666667
2008-02-12,33.1299666666667,1.38041527777778,3.20566666666667,0.265033333333333
2008-02-13,31.6749666666667,1.31979027777778,3.31716666666667,0.286966666666667
2008-02-14,26.7437,1.11432083333333,2.81746666666667,0.276133333333333
2008-02-15,33.4201333333333,1.39250555555556,3.86523333333333,0.253166666666667
2008-02-16,39.1158,1.629825,3.87326666666667,0.3077
2008-02-17,32.2228,1.34261666666667,3.91966666666667,0.2838
2008-02-18,25.2400666666667,1.05166944444444,3.03776666666667,0.275433333333333
2008-02-19,35.4486,1.477025,3.51906666666667,0.283233333333333
2008-02-20,37.5631666666667,1.56513194444444,4.7124,0.2829
2008-02-21,27.2308333333333,1.13461805555556,2.7905,0.269633333333333
2008-02-22,28.8760666666667,1.20316944444444,2.77073333333333,0.2659
2008-02-23,30.5661666666667,1.27359027777778,3.94886666666667,0.2622
2008-02-24,21.0501333333333,0.877088888888889,3.23933333333333,0.2519
2008-02-25,8.40813333333333,0.350338888888889,1.09046666666667,0.250133333333333
2008-02-26,8.452,0.352166666666667,0.892133333333334,0.246166666666667
2008-02-27,9.44533333333333,0.393555555555556,1.23496666666667,0.246133333333333
2008-02-28,8.4864,0.3536,0.859366666666666,0.247633333333333
2008-02-29,22.2224666666667,0.925936111111111,2.8479,0.2525
2008-03-01,19.0312666666667,0.792969444444445,2.3046,0.547433333333333
2008-03-02,19.3704333333333,0.807101388888889,2.9585,0.260666666666667
2008-03-03,17.3425,0.722604166666667,1.65656666666667,0.5446
2008-03-04,27.8165,1.15902083333333,3.4702,0.2731
2008-03-05,33.9534666666667,1.41472777777778,4.77553333333333,0.257133333333333
2008-03-06,41.7201333333333,1.73833888888889,3.4571,0.5408
2008-03-07,31.0492666666667,1.29371944444444,4.50973333333333,0.259466666666667
2008-03-08,37.4776666666667,1.56156944444444,4.41963333333333,0.310133333333333
2008-03-09,26.0076333333333,1.08365138888889,3.9185,0.3091
2008-03-10,26.9781,1.1240875,2.81513333333333,0.283233333333333
2008-03-11,36.6673666666667,1.52780694444444,3.68763333333333,0.2626
2008-03-12,29.5705333333333,1.23210555555556,2.95126666666667,0.2849
2008-03-13,27.9252333333333,1.16355138888889,5.01416666666667,0.2649
2008-03-14,36.837,1.534875,2.832,0.2761
2008-03-15,26.2716666666667,1.09465277777778,2.24903333333333,0.278966666666667
2008-03-16,30.0326666666667,1.25136111111111,3.45856666666667,0.274
2008-03-17,28.4486333333333,1.18535972222222,3.14273333333333,0.266666666666667
2008-03-18,31.9594333333333,1.33164305555556,3.7211,0.266833333333333
2008-03-19,21.8074666666667,0.908644444444444,2.87316666666667,0.273866666666667
2008-03-20,20.8879,0.870329166666667,2.7986,0.269366666666667
2008-03-21,34.4407,1.43502916666667,3.63283333333333,0.274566666666667
2008-03-22,34.2252666666667,1.42605277777778,3.68793333333333,0.294633333333333
2008-03-23,38.7665,1.61527083333333,4.934,0.2907
2008-03-24,32.9111333333333,1.37129722222222,3.1896,0.277766666666667
2008-03-25,33.5976,1.3999,3.4983,0.267433333333333
2008-03-26,27.2245333333333,1.13435555555556,2.6456,0.267833333333333
2008-03-27,22.8470333333333,0.951959722222222,2.23526666666667,0.266966666666667
2008-03-28,31.4237333333333,1.30932222222222,3.82596666666667,0.2683
2008-03-29,41.1858333333333,1.71607638888889,3.71386666666667,0.267433333333333
2008-03-30,35.7732,1.49055,3.637,0.269833333333333
2008-03-31,22.9595,0.956645833333333,2.62623333333334,0.275933333333333
2008-04-01,35.4842,1.47850833333333,3.89376666666667,0.274266666666667
2008-04-02,28.1945333333333,1.17477222222222,3.40636666666667,0.278166666666667
2008-04-03,18.8126,0.783858333333333,2.0161,0.2596
2008-04-04,27.1986333333333,1.13327638888889,2.4005,0.264133333333333
2008-04-05,32.8460333333333,1.36858472222222,3.84123333333333,0.259666666666666
2008-04-06,28.2719666666667,1.17799861111111,3.68006666666667,0.3026
2008-04-07,25.6473,1.0686375,3.11546666666667,0.307533333333333
2008-04-08,44.2919333333333,1.84549722222222,4.67883333333333,0.308633333333333
2008-04-09,20.3142,0.846425,2.8517,0.302833333333333
2008-04-10,24.6291,1.0262125,2.503,0.2984
2008-04-11,31.2944,1.30393333333333,2.6796,0.295466666666667
2008-04-12,46.6669,1.94445416666667,5.65643333333333,0.306733333333333
2008-04-13,37.2164333333333,1.55068472222222,4.0099,0.3475
2008-04-14,26.4930333333333,1.10387638888889,3.01196666666667,0.327033333333333
2008-04-15,27.8401,1.16000416666667,4.46356666666667,0.315233333333333
2008-04-16,24.8177333333333,1.03407222222222,2.1598,0.3294
2008-04-17,23.2643666666667,0.969348611111111,3.8928,0.305566666666667
2008-04-18,31.0398333333333,1.29332638888889,3.34863333333333,0.3214
2008-04-19,37.5618333333333,1.56507638888889,3.53363333333333,0.324766666666667
2008-04-20,29.8569666666667,1.24404027777778,5.6713,0.329033333333333
2008-04-21,19.4026,0.808441666666667,2.03973333333333,0.319233333333333
2008-04-22,27.1279333333333,1.13033055555556,3.49406666666667,0.313633333333333
2008-04-23,22.6221333333333,0.942588888888889,2.693,0.310133333333333
2008-04-24,17.3962,0.724841666666667,2.45903333333333,0.309633333333333
2008-04-25,21.1289,0.880370833333334,3.09776666666667,0.3049
2008-04-26,15.0527666666667,0.627198611111111,1.8937,0.3061
2008-04-27,16.804,0.700166666666667,1.53956666666667,0.336366666666667
2008-04-28,10.9842,0.457675,1.13413333333333,0.307966666666667
2008-04-29,32.8769333333333,1.36987222222222,4.58916666666667,0.311533333333334
2008-04-30,18.3621,0.7650875,2.43076666666667,0.3039
2008-05-01,9.60023333333333,0.400009722222222,1.08333333333333,0.302833333333333
2008-05-02,24.9628,1.04011666666667,2.78996666666667,0.309333333333333
2008-05-03,21.4933333333333,0.895555555555556,2.8899,0.324033333333333
2008-05-04,24.5161666666667,1.02150694444444,3.37043333333333,0.3321
2008-05-05,22.7822,0.949258333333333,1.99126666666667,0.325
2008-05-06,29.833,1.24304166666667,3.81056666666667,0.322233333333333
2008-05-07,19.6044,0.81685,1.9361,0.334166666666667
2008-05-08,35.2783,1.46992916666667,2.99373333333333,0.375633333333333
2008-05-09,29.1212,1.21338333333333,2.6425,0.3719
2008-05-10,31.8188,1.32578333333333,3.93033333333333,0.347433333333333
2008-05-11,26.8486666666667,1.11869444444444,2.6546,0.247766666666667
2008-05-12,25.4034,1.058475,2.61356666666667,0.2305
2008-05-13,24.6149,1.02562083333333,3.32756666666667,0.218133333333333
2008-05-14,26.4043666666667,1.10018194444444,2.3863,0.2686
2008-05-15,19.3794666666667,0.807477777777778,2.6833,0.2638
2008-05-16,27.4671666666667,1.14446527777778,3.36906666666667,0.2688
2008-05-17,27.6242333333333,1.15100972222222,3.34053333333333,0.222833333333333
2008-05-18,30.0659666666667,1.25274861111111,4.46646666666667,0.235133333333333
2008-05-19,17.1710333333333,0.715459722222222,2.26533333333333,0.217466666666667
2008-05-20,26.3555666666667,1.09814861111111,3.87646666666667,0.2214
2008-05-21,22.0685333333333,0.919522222222222,2.27176666666667,0.210233333333333
2008-05-22,16.2811333333333,0.678380555555555,1.6838,0.2203
2008-05-23,24.7486,1.03119166666667,2.70866666666667,0.215166666666667
2008-05-24,26.3362666666667,1.09734444444444,2.2391,0.213166666666666
2008-05-25,34.1417333333333,1.42257222222222,3.97823333333333,0.276566666666667
2008-05-26,21.4951666666667,0.895631944444444,2.74546666666667,0.278433333333333
2008-05-27,28.4783333333333,1.18659722222222,3.50436666666667,0.2742
2008-05-28,18.5728666666667,0.773869444444444,2.06133333333333,0.220533333333333
2008-05-29,18.9179333333333,0.788247222222222,1.6801,0.229533333333333
2008-05-30,23.2874,0.970308333333333,3.414,0.249033333333334
2008-05-31,27.3578333333333,1.13990972222222,2.6467,0.244466666666667
2008-06-01,30.8146,1.28394166666667,2.93226666666667,0.219133333333333
2008-06-02,17.9002,0.745841666666667,2.34173333333333,0.2507
2008-06-03,26.6302666666667,1.10959444444444,3.49216666666667,0.2106
2008-06-04,26.4818666666667,1.10341111111111,3.44743333333333,0.2493
2008-06-05,18.6679666666667,0.777831944444444,1.8538,0.241733333333333
2008-06-06,20.2952333333333,0.845634722222222,3.06356666666667,0.268333333333333
2008-06-07,31.3747333333333,1.30728055555556,3.90116666666667,0.326733333333333
2008-06-08,25.7053666666667,1.07105694444444,3.32456666666667,0.199933333333333
2008-06-09,22.0949666666667,0.920623611111111,3.1625,0.219933333333333
2008-06-10,17.7848333333333,0.741034722222222,2.18416666666667,0.236866666666667
2008-06-11,18.7201,0.780004166666666,2.251,0.237
2008-06-12,20.9888666666667,0.874536111111111,2.2003,0.285266666666667
2008-06-13,31.238,1.30158333333333,3.0503,0.212766666666667
2008-06-14,23.082,0.96175,2.0846,0.2647
2008-06-15,38.1517,1.58965416666667,4.2955,0.207866666666667
2008-06-16,21.7174,0.904891666666667,2.9056,0.2119
2008-06-17,19.0847333333333,0.795197222222222,2.18553333333333,0.225433333333333
2008-06-18,31.5601333333333,1.31500555555556,3.6527,0.2027
2008-06-19,26.4680333333333,1.10283472222222,3.35193333333333,0.204766666666667
2008-06-20,27.9350666666667,1.16396111111111,3.73193333333333,0.206233333333333
2008-06-21,28.9042333333333,1.20434305555556,3.15863333333333,0.194633333333333
2008-06-22,26.1069333333333,1.08778888888889,2.5132,0.210966666666667
2008-06-23,20.8632666666667,0.869302777777778,2.31873333333333,0.242233333333333
2008-06-24,29.2408666666667,1.21836944444444,3.05606666666667,0.256433333333333
2008-06-25,21.0295,0.876229166666667,1.93586666666667,0.26
2008-06-26,17.6003333333333,0.733347222222222,1.5863,0.266866666666667
2008-06-27,29.2525333333333,1.21885555555556,3.4822,0.261366666666667
2008-06-28,20.1466666666667,0.839444444444445,1.6546,0.213833333333333
2008-06-29,12.4892,0.520383333333333,1.52183333333333,0.241933333333333
2008-06-30,13.4032666666667,0.558469444444444,1.5115,0.186433333333333
2008-07-01,20.254,0.843916666666667,2.9667,0.228366666666667
2008-07-02,19.1200333333333,0.796668055555556,1.69513333333334,0.293466666666667
2008-07-03,18.306,0.76275,3.65613333333333,0.218266666666667
2008-07-04,15.7003333333333,0.654180555555556,1.5027,0.236133333333333
2008-07-05,24.4848,1.0202,2.8815,0.2524
2008-07-06,30.0844,1.25351666666667,3.33713333333333,0.223533333333333
2008-07-07,16.3898333333333,0.682909722222222,2.3021,0.202566666666667
2008-07-08,18.7702333333333,0.782093055555556,2.47873333333333,0.215433333333333
2008-07-09,15.3219666666667,0.638415277777778,1.7117,0.201533333333333
2008-07-10,20.8546,0.868941666666667,2.07123333333333,0.198633333333333
2008-07-11,20.9036,0.870983333333334,2.0554,0.278533333333333
2008-07-12,22.1475333333333,0.922813888888889,3.99293333333333,0.2411
2008-07-13,20.8959,0.8706625,2.72823333333333,0.234066666666667
2008-07-14,18.9654333333333,0.790226388888889,2.2936,0.205866666666667
2008-07-15,19.2643333333333,0.802680555555556,1.8742,0.253166666666667
2008-07-16,17.9510333333333,0.747959722222222,3.83916666666667,0.2648
2008-07-17,21.9853666666667,0.916056944444444,1.68583333333333,0.278
2008-07-18,21.0264,0.8761,2.0694,0.2955
2008-07-19,22.4002333333333,0.933343055555555,2.67496666666667,0.257566666666667
2008-07-20,15.6922333333333,0.653843055555556,2.10756666666667,0.223033333333333
2008-07-21,19.2746333333333,0.803109722222222,2.2222,0.225933333333333
2008-07-22,12.3373666666667,0.514056944444444,1.24046666666667,0.242
2008-07-23,15.7105,0.654604166666667,1.45426666666667,0.252566666666667
2008-07-24,18.2241666666667,0.759340277777778,2.8657,0.3071
2008-07-25,14.4255666666667,0.601065277777778,1.67416666666667,0.264033333333333
2008-07-26,13.5947333333333,0.566447222222222,1.5498,0.275033333333333
2008-07-27,19.1232666666667,0.796802777777778,1.84183333333333,0.2611
2008-07-28,13.7634,0.573475,1.76946666666667,0.2731
2008-07-29,19.4426333333333,0.810109722222222,1.9135,0.487633333333333
2008-07-30,21.6651333333333,0.902713888888889,2.25193333333333,0.420033333333333
2008-07-31,23.2106333333333,0.967109722222222,3.03136666666667,0.286466666666667
2008-08-01,12.3262666666667,0.513594444444445,1.6942,0.197033333333333
2008-08-02,8.4296,0.351233333333333,0.938666666666667,0.219533333333333
2008-08-03,8.41303333333333,0.350543055555556,1.00466666666667,0.201033333333333
2008-08-04,18.7653333333333,0.781888888888889,2.56606666666667,0.2006
2008-08-05,13.7853,0.5743875,1.92473333333333,0.166033333333333
2008-08-06,5.4352,0.226466666666667,0.256866666666667,0.189433333333333
2008-08-07,5.5814,0.232558333333333,0.266466666666667,0.178266666666667
2008-08-08,5.03666666666667,0.209861111111111,0.248866666666667,0.153466666666667
2008-08-09,5.98206666666666,0.249252777777778,1.24456666666667,0.1369
2008-08-10,5.8672,0.244466666666667,0.418466666666667,0.1465
2008-08-11,6.1986,0.258275,0.415266666666667,0.151366666666667
2008-08-12,4.8164,0.200683333333333,0.244866666666667,0.145633333333333
2008-08-13,4.70973333333333,0.196238888888889,0.234066666666667,0.1502
2008-08-14,4.5043,0.187679166666667,0.2377,0.130466666666667
2008-08-15,4.5609,0.1900375,0.2434,0.1411
2008-08-16,4.58023333333333,0.190843055555556,0.234233333333333,0.1275
2008-08-17,4.57993333333333,0.190830555555556,0.233533333333333,0.130966666666667
2008-08-18,4.56263333333333,0.190109722222222,0.2263,0.135666666666667
2008-08-19,4.5782,0.190758333333333,0.2362,0.1359
2008-08-20,4.47453333333333,0.186438888888889,0.226466666666667,0.136833333333333
2008-08-21,4.35496666666667,0.181456944444444,0.2279,0.140866666666667
2008-08-22,4.45206666666667,0.185502777777778,0.228866666666667,0.1268
2008-08-23,4.24403333333333,0.176834722222222,0.215166666666667,0.124
2008-08-24,4.24526666666667,0.176886111111111,0.214,0.1266
2008-08-25,4.17163333333333,0.173818055555556,0.2148,0.137066666666667
2008-08-26,4.29273333333333,0.178863888888889,0.222333333333333,0.129233333333333
2008-08-27,4.3019,0.179245833333333,0.225466666666667,0.1276
2008-08-28,4.47076666666667,0.186281944444444,0.234233333333333,0.139933333333333
2008-08-29,4.4598,0.185825,0.224966666666667,0.1358
2008-08-30,4.50706666666667,0.187794444444444,0.2319,0.1395
2008-08-31,25.0102333333333,1.04209305555556,3.17873333333333,0.143633333333333
2008-09-01,20.7918333333333,0.866326388888889,2.0432,0.226766666666667
2008-09-02,23.0692333333333,0.961218055555556,2.41476666666667,0.274966666666667
2008-09-03,23.1414333333333,0.964226388888889,2.91443333333333,0.2522
2008-09-04,20.4203333333333,0.850847222222222,2.8183,0.229933333333333
2008-09-05,14.566,0.606916666666667,2.47243333333333,0.1986
2008-09-06,31.1429,1.29762083333333,2.58226666666667,0.211866666666667
2008-09-07,22.8776,0.953233333333334,3.0475,0.264666666666667
2008-09-08,21.8220666666667,0.909252777777778,3.0553,0.256866666666667
2008-09-09,19.3275666666667,0.805315277777778,2.31266666666667,0.251533333333333
2008-09-10,21.6794,0.903308333333333,2.31146666666667,0.260933333333334
2008-09-11,17.1452333333333,0.714384722222222,1.8146,0.261233333333334
2008-09-12,23.2127,0.967195833333333,2.14246666666667,0.250766666666667
2008-09-13,27.1906,1.13294166666667,2.97956666666667,0.250733333333333
2008-09-14,26.2721,1.09467083333333,3.5746,0.266633333333333
2008-09-15,28.2951333333333,1.17896388888889,2.671,0.402266666666667
2008-09-16,20.3643666666667,0.848515277777778,1.96326666666667,0.240333333333333
2008-09-17,25.3201666666667,1.05500694444444,2.93833333333333,0.218366666666667
2008-09-18,25.0881666666667,1.04534027777778,3.1279,0.222266666666667
2008-09-19,25.3141,1.05475416666667,2.78406666666667,0.2253
2008-09-20,21.7433333333333,0.905972222222222,2.06606666666667,0.255966666666667
2008-09-21,25.5511666666667,1.06463194444444,3.28536666666667,0.232533333333333
2008-09-22,22.6427333333333,0.943447222222222,4.29123333333333,0.232333333333333
2008-09-23,20.5464666666667,0.856102777777778,2.78093333333333,0.2379
2008-09-24,28.6391666666667,1.19329861111111,2.85403333333333,0.290133333333333
2008-09-25,18.8536666666667,0.785569444444444,2.10103333333333,0.239033333333333
2008-09-26,23.8575,0.9940625,2.93466666666667,0.225366666666667
2008-09-27,35.4574333333333,1.47739305555556,3.6119,0.2233
2008-09-28,28.8517333333333,1.20215555555556,3.10473333333333,0.263566666666667
2008-09-29,25.0289666666667,1.04287361111111,2.46006666666667,0.2822
2008-09-30,22.9167666666667,0.954865277777778,3.4837,0.3066
2008-10-01,31.2060666666667,1.30025277777778,2.93133333333333,0.281633333333333
2008-10-02,22.4223666666667,0.934265277777778,2.6602,0.2812
2008-10-03,26.8763333333333,1.11984722222222,3.56243333333333,0.292033333333333
2008-10-04,35.0082666666667,1.45867777777778,2.4955,0.3056
2008-10-05,25.8325,1.07635416666667,2.98726666666667,0.315366666666667
2008-10-06,23.7297,0.9887375,2.30696666666667,0.3022
2008-10-07,28.7761333333333,1.19900555555556,3.2826,0.4934
2008-10-08,31.0096,1.29206666666667,2.7138,0.323333333333333
2008-10-09,33.0613666666667,1.37755694444444,3.3072,0.301233333333333
2008-10-10,25.3056333333333,1.05440138888889,2.1433,0.318866666666666
2008-10-11,27.8231,1.15929583333333,2.531,0.3158
2008-10-12,31.799,1.32495833333333,4.91363333333333,0.332566666666667
2008-10-13,24.3662666666667,1.01526111111111,2.76963333333333,0.328166666666667
2008-10-14,26.8176,1.1174,2.36406666666667,0.327666666666667
2008-10-15,35.9482666666667,1.49784444444444,2.9812,0.360533333333333
2008-10-16,26.3946666666667,1.09977777777778,2.52463333333333,0.3804
2008-10-17,31.1147666666667,1.29644861111111,4.9791,0.357
2008-10-18,37.3198333333333,1.55499305555556,5.00816666666667,0.3164
2008-10-19,32.8655666666667,1.36939861111111,5.75906666666667,0.308433333333334
2008-10-20,27.7925666666667,1.15802361111111,3.18396666666667,0.3005
2008-10-21,34.3952666666667,1.43313611111111,3.45606666666667,0.419133333333333
2008-10-22,27.4335,1.1430625,2.5587,0.318766666666667
2008-10-23,30.5082333333333,1.27117638888889,4.04113333333333,0.2854
2008-10-24,35.5537666666667,1.48140694444444,5.35686666666667,0.2994
2008-10-25,25.3859333333333,1.05774722222222,2.54816666666667,0.2558
2008-10-26,8.72486666666667,0.363536111111111,1.1617,0.252266666666667
2008-10-27,8.73153333333334,0.363813888888889,1.16526666666667,0.256166666666667
2008-10-28,22.1215,0.921729166666666,3.31453333333333,0.2548
2008-10-29,26.8762666666667,1.11984444444444,2.9787,0.727133333333334
2008-10-30,18.31,0.762916666666667,1.477,0.320833333333333
2008-10-31,21.4305333333333,0.892938888888889,1.86166666666667,0.244366666666667
2008-11-01,13.8416333333333,0.576734722222222,1.26163333333333,0.471333333333333
2008-11-02,15.1769,0.632370833333333,1.45726666666667,0.4741
2008-11-03,14.1266666666667,0.588611111111111,1.2266,0.307566666666666
2008-11-04,26.0386,1.08494166666667,4.44613333333333,0.3086
2008-11-05,52.2488333333333,2.17703472222222,4.42766666666667,0.326133333333333
2008-11-06,26.4739666666667,1.10308194444444,2.77043333333333,0.292233333333333
2008-11-07,26.9864,1.12443333333333,2.6727,0.3121
2008-11-08,28.8856333333333,1.20356805555556,3.7183,0.309533333333334
2008-11-09,42.9756333333333,1.79065138888889,4.37813333333333,0.320666666666667
2008-11-10,34.8646666666667,1.45269444444444,2.976,0.319933333333333
2008-11-11,40.9325,1.70552083333333,3.01476666666667,0.308233333333334
2008-11-12,36.4415666666667,1.51839861111111,3.36736666666667,0.474666666666667
2008-11-13,20.641,0.860041666666666,2.40093333333333,0.312333333333333
2008-11-14,27.0289666666667,1.12620694444444,2.47996666666667,0.307633333333333
2008-11-15,50.5271333333333,2.10529722222222,4.5308,0.312333333333333
2008-11-16,39.4238666666667,1.64266111111111,3.7687,0.279966666666667
2008-11-17,25.3939333333333,1.05808055555556,2.51006666666667,0.266033333333333
2008-11-18,29.1508333333333,1.21461805555556,3.2643,0.315366666666667
2008-11-19,30.6706333333333,1.27794305555556,3.08506666666667,0.3206
2008-11-20,28.2056,1.17523333333333,3.31896666666667,0.3357
2008-11-21,27.8988333333333,1.16245138888889,2.7981,0.326566666666667
2008-11-22,28.5228,1.18845,3.89316666666667,0.307266666666667
2008-11-23,56.7554,2.36480833333333,6.56053333333334,0.341766666666667
2008-11-24,53.5499666666667,2.23124861111111,4.15273333333333,1.3705
2008-11-25,45.0475,1.87697916666667,4.02033333333333,0.742466666666667
2008-11-26,25.2659,1.05274583333333,3.04453333333333,0.2605
2008-11-27,39.3703,1.64042916666667,3.86733333333333,0.681366666666666
2008-11-28,31.4327333333333,1.30969722222222,2.99193333333333,0.262
2008-11-29,40.5778,1.69074166666667,3.90176666666667,0.259433333333334
2008-11-30,40.0231333333333,1.66763055555556,5.9305,0.265
2008-12-01,26.9423,1.12259583333333,2.94193333333333,0.330366666666666
2008-12-02,29.8907333333333,1.24544722222222,2.4556,0.349333333333333
2008-12-03,29.2527333333333,1.21886388888889,2.80836666666667,0.3202
2008-12-04,28.9773,1.2073875,2.7447,0.319066666666666
2008-12-05,34.3103,1.42959583333333,2.83163333333333,0.316033333333333
2008-12-06,42.0639333333333,1.75266388888889,4.6615,0.255
2008-12-07,41.1123333333333,1.71301388888889,3.96906666666667,0.295666666666667
2008-12-08,31.1439333333333,1.29766388888889,2.93463333333333,0.3446
2008-12-09,33.3857333333333,1.39107222222222,3.99756666666667,0.262333333333333
2008-12-10,35.1836666666667,1.46598611111111,3.74166666666667,0.0693
2008-12-11,23.8753666666667,0.994806944444444,2.90676666666667,0.262266666666667
2008-12-12,30.2589,1.2607875,2.99676666666667,0.278433333333333
2008-12-13,30.4262333333333,1.26775972222222,4.011,0.262333333333333
2008-12-14,33.3686666666667,1.39036111111111,3.40826666666667,0.328133333333333
2008-12-15,29.9241666666667,1.24684027777778,2.7702,0.319233333333333
2008-12-16,29.9515,1.24797916666667,3.38856666666667,0.319133333333333
2008-12-17,34.9797666666667,1.45749027777778,3.1645,0.317433333333333
2008-12-18,28.949,1.20620833333333,2.6445,0.263766666666667
2008-12-19,31.3685333333333,1.30702222222222,2.92803333333333,0.316666666666667
2008-12-20,37.3750333333333,1.55729305555556,3.494,0.265833333333333
2008-12-21,44.0601666666667,1.83584027777778,4.33443333333333,0.268033333333333
2008-12-22,33.5968,1.39986666666667,2.88613333333333,0.300933333333333
2008-12-23,29.9681333333333,1.24867222222222,3.0507,0.292833333333333
2008-12-24,21.1606333333333,0.881693055555556,2.14556666666667,0.276233333333333
2008-12-25,17.6853,0.7368875,1.84256666666667,0.253566666666667
2008-12-26,20.3955333333333,0.849813888888889,2.2485,0.266266666666667
2008-12-27,49.5360666666667,2.06400277777778,3.49796666666667,1.33253333333333
2008-12-28,26.1773666666667,1.09072361111111,2.24533333333333,0.258833333333333
2008-12-29,9.25463333333333,0.385609722222222,1.1984,0.2537
2008-12-30,19.9206333333333,0.830026388888889,2.57123333333333,0.258633333333333
2008-12-31,32.7364666666667,1.36401944444444,4.17896666666667,0.2506
2009-01-01,23.4448666666667,0.976869444444444,3.4588,0.265733333333333
2009-01-02,38.7918333333333,1.61632638888889,4.0648,0.2909
2009-01-03,31.8916,1.32881666666667,3.7428,0.2873
2009-01-04,32.3332333333333,1.34721805555556,3.77643333333333,0.377233333333333
2009-01-05,26.7333333333333,1.11388888888889,3.74593333333333,0.328366666666667
2009-01-06,28.1643666666667,1.17351527777778,2.52873333333333,0.3163
2009-01-07,34.6712,1.44463333333333,3.67523333333333,0.3339
2009-01-08,27.2211666666667,1.13421527777778,3.11313333333333,0.3078
2009-01-09,29.8117,1.24215416666667,3.1194,0.254
2009-01-10,35.0491333333333,1.46038055555556,3.92256666666667,0.252633333333333
2009-01-11,32.9331333333333,1.37221388888889,4.0528,0.293166666666667
2009-01-12,26.4879666666667,1.10366527777778,2.70143333333333,0.2544
2009-01-13,36.3766666666667,1.51569444444444,2.83623333333333,0.308266666666667
2009-01-14,29.6047,1.23352916666667,3.23486666666667,0.263433333333333
2009-01-15,26.0678,1.08615833333333,3.364,0.254633333333333
2009-01-16,46.1092333333333,1.92121805555556,6.51963333333333,0.3051
2009-01-17,55.297,2.30404166666667,3.6658,1.0158
2009-01-18,52.5699,2.1904125,4.8607,0.259833333333333
2009-01-19,28.3311,1.1804625,3.6107,0.2812
2009-01-20,28.9671333333333,1.20696388888889,2.39753333333333,0.260333333333333
2009-01-21,28.9905666666667,1.20794027777778,3.5802,0.256266666666667
2009-01-22,20.6226,0.859275,2.3693,0.314433333333334
2009-01-23,31.8422666666667,1.32676111111111,2.682,0.313966666666667
2009-01-24,36.6795,1.5283125,5.0734,0.3137
2009-01-25,47.3944,1.97476666666667,4.33043333333333,0.527833333333333
2009-01-26,27.9078666666667,1.16282777777778,2.42453333333333,0.2584
2009-01-27,23.7505,0.989604166666667,2.91323333333333,0.3559
2009-01-28,45.3622333333334,1.89009305555556,4.30123333333334,0.2666
2009-01-29,26.2283,1.09284583333333,2.0624,0.273366666666667
2009-01-30,34.3173,1.4298875,3.01976666666667,0.279266666666667
2009-01-31,55.2142,2.30059166666667,5.0725,0.2695
2009-02-01,30.1243333333333,1.25518055555556,3.32166666666667,0.2812
2009-02-02,26.7216666666667,1.11340277777778,2.7483,0.260433333333333
2009-02-03,31.1398333333333,1.29749305555556,2.31656666666667,0.283433333333333
2009-02-04,41.0154,1.708975,4.0461,0.262
2009-02-05,27.4848,1.1452,2.7241,0.273533333333333
2009-02-06,34.1399333333333,1.42249722222222,2.8953,0.3359
2009-02-07,52.1922666666667,2.17467777777778,4.40283333333333,0.2603
2009-02-08,36.3811,1.51587916666667,3.72893333333333,0.2893
2009-02-09,28.4439666666667,1.18516527777778,2.8116,0.273666666666667
2009-02-10,32.3970333333333,1.34987638888889,2.4165,0.269566666666667
2009-02-11,43.9898333333333,1.83290972222222,5.2338,0.266766666666667
2009-02-12,32.811,1.367125,3.2651,0.2824
2009-02-13,28.1670333333333,1.17362638888889,3.00816666666667,0.263033333333333
2009-02-14,38.8765666666667,1.61985694444444,3.4953,0.261133333333333
2009-02-15,26.4338666666667,1.10141111111111,2.07646666666667,0.261266666666667
2009-02-16,21.9832333333333,0.915968055555556,3.1627,0.358566666666667
2009-02-17,13.0283,0.542845833333333,2.16236666666667,0.2513
2009-02-18,13.7741666666667,0.573923611111111,1.3415,0.255366666666667
2009-02-19,12.2878,0.511991666666667,1.1458,0.346333333333333
2009-02-20,31.3456,1.30606666666667,3.42476666666667,0.3515
2009-02-21,21.9364,0.914016666666666,1.94906666666667,0.284966666666667
2009-02-22,37.3079666666667,1.55449861111111,4.82943333333333,0.262766666666667
2009-02-23,45.5609333333333,1.89837222222222,4.49416666666667,0.761366666666667
2009-02-24,29.7190666666667,1.23829444444444,3.14706666666667,0.284266666666667
2009-02-25,19.4974,0.812391666666667,2.099,0.269933333333333
2009-02-26,19.2808666666667,0.803369444444444,1.92603333333333,0.265133333333333
2009-02-27,33.8153,1.40897083333333,2.6074,0.2727
2009-02-28,27.1791666666667,1.13246527777778,3.19536666666667,0.364333333333334
2009-03-01,41.1271,1.71362916666667,4.3942,0.3197
2009-03-02,24.6240333333333,1.02600138888889,2.70136666666667,0.3349
2009-03-03,30.8158666666667,1.28399444444444,2.80683333333333,0.317066666666667
2009-03-04,30.7021666666667,1.27925694444444,2.80366666666667,0.3099
2009-03-05,24.0302,1.00125833333333,2.3745,0.357733333333333
2009-03-06,29.7245666666667,1.23852361111111,3.37566666666667,0.3373
2009-03-07,28.2744333333333,1.17810138888889,2.67073333333333,0.3199
2009-03-08,39.2861,1.63692083333333,4.05343333333333,0.2806
2009-03-09,28.0926,1.170525,2.5635,0.291733333333333
2009-03-10,30.6035,1.27514583333333,2.95373333333333,0.3293
2009-03-11,40.0984,1.67076666666667,3.55053333333333,0.359
2009-03-12,31.4543333333333,1.31059722222222,3.17513333333333,0.272533333333333
2009-03-13,24.092,1.00383333333333,2.24236666666667,0.2774
2009-03-14,35.8171333333333,1.49238055555556,2.9716,0.267366666666667
2009-03-15,32.3677,1.34865416666667,3.3291,0.2679
2009-03-16,22.2455333333333,0.926897222222222,2.82156666666667,0.264
2009-03-17,32.1985,1.34160416666667,3.87466666666667,0.263766666666667
2009-03-18,24.178,1.00741666666667,2.54723333333333,0.269766666666667
2009-03-19,19.8588666666667,0.827452777777778,1.87786666666667,0.267366666666667
2009-03-20,24.3984333333333,1.01660138888889,3.12763333333333,0.272233333333333
2009-03-21,32.1670333333333,1.34029305555556,3.594,0.266066666666667
2009-03-22,28.1528333333333,1.17303472222222,3.02853333333333,0.276366666666667
2009-03-23,21.6075,0.9003125,2.62786666666667,0.317
2009-03-24,27.6952,1.15396666666667,3.7412,0.320466666666667
2009-03-25,30.6462333333333,1.27692638888889,2.91656666666667,0.271433333333333
2009-03-26,20.1834,0.840975,2.6075,0.268833333333333
2009-03-27,28.5654333333333,1.19022638888889,2.90143333333333,0.345666666666667
2009-03-28,37.6829333333333,1.57012222222222,4.37503333333333,0.3167
2009-03-29,36.9441666666667,1.53934027777778,3.2785,0.435166666666667
2009-03-30,24.6242,1.02600833333333,2.80393333333333,0.3273
2009-03-31,30.3913666666667,1.26630694444444,3.5067,0.2971
2009-04-01,27.3523333333333,1.13968055555556,2.93406666666667,0.3291
2009-04-02,27.4055666666667,1.14189861111111,2.85916666666667,0.336333333333334
2009-04-03,22.721,0.946708333333333,2.28263333333333,0.3277
2009-04-04,36.5205333333333,1.52168888888889,3.23436666666667,0.3546
2009-04-05,22.9286,0.955358333333333,2.78416666666667,0.3329
2009-04-06,24.2105666666667,1.00877361111111,2.1429,0.337433333333333
2009-04-07,24.0015333333333,1.00006388888889,2.30943333333333,0.335133333333333
2009-04-08,25.5766666666667,1.06569444444444,2.44506666666667,0.399533333333334
2009-04-09,31.5078666666667,1.31282777777778,3.41663333333333,0.3524
2009-04-10,30.7019,1.27924583333333,2.6104,0.331
2009-04-11,41.0407666666667,1.71003194444444,4.30473333333333,0.316466666666667
2009-04-12,35.6835333333333,1.48681388888889,5.13396666666667,0.308933333333333
2009-04-13,26.6437333333333,1.11015555555556,3.45816666666667,0.4133
2009-04-14,25.0256333333333,1.04273472222222,2.67563333333333,0.393766666666667
2009-04-15,20.2677,0.8444875,2.43446666666667,0.371233333333333
2009-04-16,26.0754,1.086475,2.83883333333333,0.367666666666667
2009-04-17,34.0468333333333,1.41861805555556,3.08596666666667,0.384133333333333
2009-04-18,25.2044333333333,1.05018472222222,2.26216666666667,0.406766666666667
2009-04-19,21.4411333333333,0.893380555555556,3.18693333333333,0.3342
2009-04-20,24.7751666666667,1.03229861111111,2.27303333333333,0.307133333333333
2009-04-21,31.5766333333333,1.31569305555556,2.7931,0.353766666666667
2009-04-22,24.9366333333333,1.03902638888889,2.30406666666667,0.334366666666667
2009-04-23,19.0243333333333,0.792680555555555,3.05966666666667,0.370333333333333
2009-04-24,19.9008,0.8292,1.64053333333333,0.374633333333333
2009-04-25,33.7047333333333,1.40436388888889,3.22283333333333,0.351433333333333
2009-04-26,29.6937666666667,1.23724027777778,3.21726666666667,0.364733333333333
2009-04-27,22.5271333333333,0.938630555555556,2.88626666666667,0.363433333333333
2009-04-28,28.4397666666667,1.18499027777778,2.25333333333333,0.420966666666667
2009-04-29,27.7446666666667,1.15602777777778,2.8628,0.363166666666666
2009-04-30,30.5793666666667,1.27414027777778,3.0745,0.353733333333333
2009-05-01,25.2133666666667,1.05055694444444,1.91226666666667,0.312466666666667
2009-05-02,23.2318333333333,0.967993055555555,2.20516666666667,0.325266666666667
2009-05-03,26.8146333333333,1.11727638888889,4.2653,0.2901
2009-05-04,27.7980333333333,1.15825138888889,2.7685,0.311266666666667
2009-05-05,28.8579,1.2024125,2.86803333333333,0.313633333333333
2009-05-06,22.4983666666667,0.937431944444444,2.33286666666667,0.3419
2009-05-07,16.8774666666667,0.703227777777778,1.693,0.332966666666667
2009-05-08,30.9526,1.28969166666667,2.97313333333333,0.3434
2009-05-09,21.0225333333333,0.875938888888889,1.8678,0.3922
2009-05-10,32.7758666666667,1.36566111111111,3.72056666666667,0.355833333333333
2009-05-11,25.2862666666667,1.05359444444444,3.1672,0.324633333333333
2009-05-12,27.0992666666667,1.12913611111111,2.6586,0.374166666666667
2009-05-13,20.7733,0.865554166666667,2.3869,0.380033333333333
2009-05-14,26.7830666666667,1.11596111111111,3.50386666666667,0.283666666666667
2009-05-15,23.7037666666667,0.987656944444445,2.32213333333333,0.3054
2009-05-16,33.4563,1.3940125,3.7777,0.219333333333333
2009-05-17,25.7294,1.07205833333333,3.7628,0.3284
2009-05-18,20.1651,0.8402125,2.4866,0.3061
2009-05-19,26.9557333333333,1.12315555555556,2.6701,0.299566666666667
2009-05-20,21.7860333333333,0.907751388888889,2.2063,0.334233333333333
2009-05-21,26.2525,1.09385416666667,2.85983333333333,0.3065
2009-05-22,17.9134333333333,0.746393055555555,1.653,0.3113
2009-05-23,25.5099666666667,1.06291527777778,2.054,0.309366666666667
2009-05-24,21.4631,0.894295833333334,2.55796666666667,0.318
2009-05-25,22.5682666666667,0.940344444444444,2.35706666666667,0.3209
2009-05-26,22.2945666666667,0.928940277777778,2.04606666666667,0.323233333333333
2009-05-27,25.7382,1.072425,2.9227,0.315533333333333
2009-05-28,19.6622666666667,0.819261111111111,2.65856666666667,0.270433333333333
2009-05-29,20.7141,0.8630875,1.95043333333333,0.303033333333333
2009-05-30,27.6517666666667,1.15215694444444,1.95053333333333,0.397
2009-05-31,15.9481666666667,0.664506944444444,2.07013333333333,0.228166666666667
2009-06-01,24.0543333333333,1.00226388888889,2.51163333333333,0.204333333333333
2009-06-02,18.1773,0.7573875,1.66426666666667,0.283933333333333
2009-06-03,22.6096333333333,0.942068055555556,2.05836666666667,0.3024
2009-06-04,17.261,0.719208333333333,1.8255,0.1933
2009-06-05,20.506,0.854416666666666,1.59666666666667,0.2883
2009-06-06,24.5908333333333,1.02461805555556,2.55576666666667,0.277233333333333
2009-06-07,20.1232,0.838466666666667,3.45546666666667,0.278933333333333
2009-06-08,19.6462666666667,0.818594444444444,2.4233,0.317433333333333
2009-06-09,22.2141666666667,0.925590277777777,2.51523333333333,0.281566666666667
2009-06-10,26.7166,1.11319166666667,2.3652,0.301966666666667
2009-06-11,21.6775,0.903229166666667,2.0483,0.398133333333333
2009-06-12,18.3622,0.765091666666667,1.75243333333333,0.347933333333333
2009-06-13,0.236966666666667,0.236966666666667,0.236966666666667,0.236966666666667
2009-06-14,,,,
2009-06-15,12.8651333333333,0.756772549019608,2.1943,0.2284
2009-06-16,25.1465333333333,1.04777222222222,2.4945,0.222066666666667
2009-06-17,16.4669333333333,0.686122222222222,2.3328,0.191166666666667
2009-06-18,19.4283333333333,0.809513888888889,1.65736666666667,0.195466666666667
2009-06-19,18.1144333333333,0.754768055555556,1.9361,0.217966666666667
2009-06-20,18.4516666666667,0.768819444444444,1.86803333333333,0.2181
2009-06-21,14.2523666666667,0.593848611111111,2.05013333333333,0.2112
2009-06-22,18.2349666666667,0.759790277777778,1.852,0.207466666666667
2009-06-23,17.3202333333333,0.721676388888889,2.13363333333333,0.211866666666667
2009-06-24,25.5812333333333,1.06588472222222,2.7345,0.2315
2009-06-25,12.8560333333333,0.535668055555556,1.5055,0.229633333333333
2009-06-26,21.2887,0.887029166666667,1.89493333333333,0.262633333333333
2009-06-27,28.4842,1.18684166666667,2.732,0.3099
2009-06-28,17.6565666666667,0.735690277777778,1.72756666666667,0.267233333333333
2009-06-29,16.8355666666667,0.701481944444445,1.87316666666667,0.305633333333334
2009-06-30,19.8741,0.8280875,1.78906666666667,0.2804
2009-07-01,20.3057,0.846070833333333,1.82746666666667,0.349133333333333
2009-07-02,20.7096333333333,0.862901388888889,1.90563333333333,0.348166666666667
2009-07-03,14.4024666666667,0.600102777777778,2.05423333333333,0.2789
2009-07-04,20.6428,0.860116666666667,2.07173333333333,0.269866666666667
2009-07-05,23.5122666666667,0.979677777777778,2.39976666666667,0.342066666666667
2009-07-06,15.9043333333333,0.662680555555556,1.7545,0.276866666666667
2009-07-07,18.5022666666667,0.770927777777778,2.36666666666667,0.204233333333333
2009-07-08,20.5733333333333,0.857222222222222,3.0504,0.271733333333333
2009-07-09,14.1042,0.587675,1.38833333333333,0.250233333333333
2009-07-10,19.7853,0.8243875,2.23603333333333,0.201666666666667
2009-07-11,16.5661333333333,0.690255555555555,1.90733333333333,0.234466666666667
2009-07-12,8.55796666666667,0.356581944444444,0.864533333333333,0.1886
2009-07-13,8.2791,0.3449625,1.14,0.190666666666667
2009-07-14,15.1905,0.6329375,2.74533333333333,0.1868
2009-07-15,11.9679,0.4986625,1.7753,0.218466666666667
2009-07-16,9.99256666666667,0.416356944444444,1.1898,0.2565
2009-07-17,12.1968,0.5082,1.37366666666667,0.2527
2009-07-18,16.1068333333333,0.671118055555556,1.55896666666667,0.210666666666667
2009-07-19,20.0607333333333,0.835863888888889,2.0685,0.404233333333333
2009-07-20,11.0414333333333,0.460059722222222,1.8438,0.196433333333333
2009-07-21,13.5627,0.5651125,1.4603,0.254433333333333
2009-07-22,12.3255333333333,0.513563888888889,1.3132,0.243
2009-07-23,17.1666666666667,0.715277777777778,1.7405,0.2074
2009-07-24,9.3623,0.390095833333333,0.963666666666666,0.182666666666667
2009-07-25,8.9448,0.3727,1.35083333333333,0.179733333333333
2009-07-26,9.05026666666667,0.377094444444444,1.25703333333333,0.205866666666667
2009-07-27,11.4761,0.478170833333333,1.35373333333333,0.2948
2009-07-28,15.0475,0.626979166666667,1.71133333333333,0.228366666666667
2009-07-29,15.0333333333333,0.626388888888889,1.56926666666667,0.2217
2009-07-30,13.2054333333333,0.550226388888889,1.59003333333333,0.221266666666667
2009-07-31,16.2638333333333,0.677659722222222,2.98123333333333,0.249966666666667
2009-08-01,11.7827666666667,0.490948611111111,1.45306666666667,0.2564
2009-08-02,8.16206666666666,0.340086111111111,0.9166,0.220533333333333
2009-08-03,8.3383,0.347429166666667,1.18116666666667,0.201833333333333
2009-08-04,8.48153333333333,0.353397222222222,0.859433333333333,0.2195
2009-08-05,8.6442,0.360175,1.21106666666667,0.224833333333333
2009-08-06,8.87786666666667,0.369911111111111,1.1637,0.258266666666667
2009-08-07,8.98826666666667,0.374511111111111,1.08753333333333,0.243233333333333
2009-08-08,8.77453333333333,0.365605555555556,1.0085,0.267833333333333
2009-08-09,16.6372333333333,0.693218055555556,2.7101,0.197866666666667
2009-08-10,17.8226333333333,0.742609722222222,2.78083333333333,0.2414
2009-08-11,15.8492333333333,0.660384722222222,1.82783333333333,0.280266666666667
2009-08-12,13.7406,0.572525,1.46243333333333,0.2689
2009-08-13,10.1140333333333,1.01140333333333,3.71753333333333,0.2852
2009-08-14,12.4779333333333,0.519913888888889,1.12153333333333,0.2909
2009-08-15,25.2343666666667,1.05143194444444,2.76186666666667,0.279333333333333
2009-08-16,20.2952,0.845633333333333,2.0914,0.289
2009-08-17,13.0984666666667,0.545769444444444,1.36513333333333,0.271133333333333
2009-08-18,18.0099666666667,0.750415277777778,3.8541,0.2724
2009-08-19,14.6790333333333,0.611626388888889,1.45243333333333,0.292466666666667
2009-08-20,12.9287,0.538695833333333,1.345,0.298566666666667
2009-08-21,19.3624333333333,0.806768055555555,2.1803,0.277133333333333
2009-08-22,25.8123,1.0755125,3.17776666666667,0.313566666666666
2009-08-23,17.7784666666667,0.740769444444444,2.0666,0.2851
2009-08-24,20.8709,0.869620833333333,2.37976666666667,0.282033333333333
2009-08-25,15.7268333333333,0.655284722222222,2.0012,0.282533333333333
2009-08-26,18.9424333333333,0.789268055555555,2.8228,0.281966666666667
2009-08-27,12.4911,0.5204625,1.01293333333333,0.283666666666667
2009-08-28,18.6473666666667,0.776973611111111,2.18343333333333,0.273933333333333
2009-08-29,23.1402333333333,0.964176388888889,2.06256666666667,0.269733333333333
2009-08-30,27.8057,1.15857083333333,3.59143333333333,0.320633333333333
2009-08-31,21.0920333333333,0.878834722222222,2.5673,0.329333333333333
2009-09-01,16.3422666666667,0.680927777777778,2.18793333333333,0.3242
2009-09-02,20.3802333333333,0.849176388888889,1.98846666666667,0.316033333333333
2009-09-03,20.8531333333333,0.868880555555556,2.1715,0.307566666666667
2009-09-04,17.0731333333333,0.711380555555555,1.9569,0.254833333333334
2009-09-05,25.2311,1.05129583333333,2.16656666666667,0.262033333333333
2009-09-06,20.4771666666667,0.853215277777778,2.59486666666667,0.291833333333333
2009-09-07,20.3576333333333,0.848234722222222,3.14966666666667,0.229566666666667
2009-09-08,18.1042333333333,0.754343055555556,2.5901,0.237566666666667
2009-09-09,25.3557333333333,1.05648888888889,2.6363,0.2542
2009-09-10,18.5392333333333,0.772468055555556,2.64366666666667,0.2139
2009-09-11,20.2357666666667,0.843156944444444,2.31203333333333,0.2519
2009-09-12,34.4059666666667,1.43358194444444,4.4504,0.257633333333333
2009-09-13,26.1717,1.0904875,2.7872,0.251633333333333
2009-09-14,26.2476333333333,1.09365138888889,3.0472,0.305433333333333
2009-09-15,24.2801,1.01167083333333,3.51663333333333,0.242966666666667
2009-09-16,29.0527,1.21052916666667,3.10456666666667,0.2543
2009-09-17,20.3904333333333,0.849601388888889,1.90773333333333,0.2687
2009-09-18,22.9005333333333,0.954188888888889,3.30503333333333,0.204233333333333
2009-09-19,35.5951666666667,1.48313194444444,3.3284,0.270333333333333
2009-09-20,33.9221333333333,1.41342222222222,2.65266666666667,0.2828
2009-09-21,23.6311333333333,0.984630555555555,2.87893333333333,0.313433333333333
2009-09-22,20.7756,0.86565,2.10803333333333,0.2968
2009-09-23,27.2768333333333,1.13653472222222,2.35433333333333,0.239266666666667
2009-09-24,23.7709666666667,0.990456944444444,3.6872,0.242966666666667
2009-09-25,19.3502666666667,0.806261111111111,1.71436666666667,0.239866666666667
2009-09-26,25.9375666666667,1.08073194444444,2.2772,0.253
2009-09-27,23.5078666666667,0.979494444444445,2.7971,0.2072
2009-09-28,21.6576,0.9024,2.3105,0.203933333333333
2009-09-29,19.1066333333333,0.796109722222222,2.61043333333333,0.2296
2009-09-30,29.5456,1.23106666666667,2.81166666666666,0.211766666666667
2009-10-01,21.4542,0.893925,3.4488,0.2067
2009-10-02,19.2111333333333,0.800463888888889,2.07106666666667,0.1956
2009-10-03,28.6123333333333,1.19218055555556,3.121,0.228433333333333
2009-10-04,27.0184333333333,1.12576805555556,3.42866666666667,0.2058
2009-10-05,21.2587,0.885779166666667,2.43983333333333,0.2882
2009-10-06,23.8074666666667,0.991977777777778,2.8285,0.326166666666667
2009-10-07,30.3639,1.2651625,3.6453,0.386966666666667
2009-10-08,26.2861,1.09525416666667,2.76756666666667,0.346266666666667
2009-10-09,22.5310333333333,0.938793055555556,1.86853333333333,0.315133333333333
2009-10-10,33.5459333333333,1.39774722222222,2.87493333333333,0.306066666666666
2009-10-11,32.3047333333333,1.34603055555556,3.99563333333333,0.337266666666667
2009-10-12,22.5267333333333,0.938613888888889,2.52976666666667,0.277333333333333
2009-10-13,24.1516666666667,1.00631944444444,2.47946666666667,0.292066666666666
2009-10-14,28.5204,1.18835,3.38533333333333,0.302833333333333
2009-10-15,24.8329333333333,1.03470555555556,3.37746666666667,0.287166666666667
2009-10-16,25.281,1.053375,2.65663333333333,0.294533333333333
2009-10-17,45.7013333333333,1.90422222222222,4.66316666666667,0.2977
2009-10-18,25.9360666666667,1.08066944444444,2.7207,0.308633333333333
2009-10-19,22.8184666666667,0.950769444444444,2.71336666666667,0.298133333333333
2009-10-20,28.7134666666667,1.19639444444444,3.04316666666667,0.303866666666667
2009-10-21,32.8251,1.3677125,3.26343333333333,0.311433333333333
2009-10-22,23.3285,0.972020833333333,2.10746666666667,0.2948
2009-10-23,29.2908333333333,1.22045138888889,4.0253,0.324966666666667
2009-10-24,43.5734666666667,1.81556111111111,3.99886666666667,0.308466666666667
2009-10-25,40.1089333333333,1.67120555555556,3.7201,0.3426
2009-10-26,18.5390666666667,0.772461111111111,1.96513333333333,0.280833333333333
2009-10-27,18.6126,0.775525,2.05563333333333,0.285366666666667
2009-10-28,21.1451333333333,0.881047222222222,2.64506666666667,0.276766666666667
2009-10-29,33.024,1.376,3.43806666666667,0.278033333333333
2009-10-30,24.8893,1.03705416666667,3.4557,0.289266666666667
2009-10-31,31.2657,1.3027375,3.68986666666667,0.2748
2009-11-01,30.7194666666667,1.27997777777778,2.59803333333333,0.303466666666667
2009-11-02,25.0704333333333,1.04460138888889,2.75366666666667,0.293933333333334
2009-11-03,37.7781333333333,1.57408888888889,4.83083333333333,0.2724
2009-11-04,30.03,1.25125,3.4084,0.3222
2009-11-05,26.0077666666667,1.08365694444444,3.57276666666667,0.321733333333334
2009-11-06,23.1741666666667,0.965590277777778,1.84253333333333,0.286
2009-11-07,25.9529333333333,1.08137222222222,2.27756666666667,0.2945
2009-11-08,41.8000333333333,1.74166805555556,4.3383,0.280966666666667
2009-11-09,23.4125333333333,0.975522222222222,3.1622,0.297633333333333
2009-11-10,26.7697333333333,1.11540555555556,2.29686666666667,0.298233333333333
2009-11-11,34.008,1.417,4.53616666666667,0.318666666666667
2009-11-12,24.3844333333333,1.01601805555556,3.58213333333333,0.277733333333333
2009-11-13,25.5487666666667,1.06453194444444,2.85053333333333,0.2864
2009-11-14,42.6742666666667,1.77809444444444,3.9746,0.333933333333333
2009-11-15,32.7884666666667,1.36618611111111,4.39316666666667,0.323733333333333
2009-11-16,25.2411333333333,1.05171388888889,2.59633333333333,0.309133333333333
2009-11-17,28.4715666666667,1.18631527777778,2.57273333333333,0.2926
2009-11-18,43.9862333333333,1.83275972222222,3.6589,0.276766666666667
2009-11-19,24.5808,1.0242,2.6501,0.310833333333333
2009-11-20,32.6836,1.36181666666667,3.4932,0.333233333333333
2009-11-21,41.6142666666667,1.73392777777778,4.76863333333333,0.2989
2009-11-22,40.8496,1.70206666666667,5.11516666666667,0.3242
2009-11-23,24.5187,1.0216125,2.5066,0.293433333333333
2009-11-24,35.4809333333333,1.47837222222222,4.5056,0.421166666666667
2009-11-25,33.0021666666667,1.37509027777778,3.3257,0.326333333333333
2009-11-26,26.6604333333333,1.11085138888889,3.81416666666667,0.301
2009-11-27,23.0004333333333,0.958351388888889,1.87036666666667,0.2804
2009-11-28,30.9825,1.2909375,3.282,0.270633333333333
2009-11-29,27.5160333333333,1.14650138888889,3.4836,0.2857
2009-11-30,29.0865,1.2119375,2.53906666666667,0.358566666666666
2009-12-01,29.2729666666667,1.21970694444444,2.6847,0.3625
2009-12-02,39.0944666666667,1.62893611111111,2.8365,0.298566666666667
2009-12-03,24.6614666666667,1.02756111111111,2.44826666666667,0.3473
2009-12-04,28.5215666666667,1.18839861111111,2.96776666666667,0.361866666666667
2009-12-05,39.1960333333333,1.63316805555556,3.999,0.377466666666667
2009-12-06,39.6381333333333,1.65158888888889,3.7279,0.315266666666667
2009-12-07,29.0439666666667,1.21016527777778,2.60496666666667,0.318133333333333
2009-12-08,33.4480666666667,1.39366944444444,2.92346666666667,0.2991
2009-12-09,30.0392666666667,1.25163611111111,2.5998,0.2921
2009-12-10,34.2381,1.4265875,3.3429,0.287133333333333
2009-12-11,29.7410333333333,1.23920972222222,2.6194,0.283633333333333
2009-12-12,30.273,1.261375,4.24133333333333,0.318733333333333
2009-12-13,35.6469,1.4852875,2.7717,0.2923
2009-12-14,29.9143666666667,1.24643194444444,4.02126666666667,0.288433333333333
2009-12-15,32.3352666666667,1.34730277777778,2.9002,0.329
2009-12-16,23.2479,0.9686625,2.8514,0.295033333333333
2009-12-17,28.6197,1.1924875,2.61063333333333,0.2895
2009-12-18,29.0784333333333,1.21160138888889,2.76306666666667,0.285333333333333
2009-12-19,36.7389,1.5307875,3.36903333333333,0.360433333333333
2009-12-20,19.0694333333333,0.794559722222222,2.70973333333333,0.250366666666667
2009-12-21,33.9161,1.41317083333333,4.21143333333333,0.2446
2009-12-22,31.4670333333333,1.31112638888889,2.71006666666667,0.257766666666667
2009-12-23,24.2533333333333,1.01055555555556,2.062,0.2493
2009-12-24,48.4315666666667,2.01798194444444,4.67523333333333,0.245166666666667
2009-12-25,35.4608,1.47753333333333,3.662,0.293033333333333
2009-12-26,36.3936333333333,1.51640138888889,2.85526666666667,0.293133333333334
2009-12-27,36.5908666666667,1.52461944444444,3.56326666666667,0.2851
2009-12-28,34.9016333333333,1.45423472222222,3.15726666666667,0.3228
2009-12-29,34.1328,1.4222,3.2437,0.334333333333333
2009-12-30,40.8518333333333,1.70215972222222,4.1738,0.305066666666667
2009-12-31,36.8648666666667,1.53603611111111,3.06286666666667,0.319466666666667
2010-01-01,20.4042,0.850175,2.80093333333333,0.4023
2010-01-02,21.8139333333333,0.908913888888889,3.4664,0.2982
2010-01-03,34.7242333333333,1.44684305555556,3.2498,0.338966666666667
2010-01-04,26.7355333333333,1.11398055555556,2.6496,0.3498
2010-01-05,36.9963333333333,1.54151388888889,2.91556666666667,0.314933333333333
2010-01-06,29.6196666666667,1.23415277777778,3.39063333333333,0.289533333333333
2010-01-07,29.4907,1.22877916666667,3.2793,0.305633333333333
2010-01-08,29.9534666666667,1.24806111111111,2.51463333333333,0.293933333333333
2010-01-09,38.9483333333333,1.62284722222222,4.30086666666667,0.3029
2010-01-10,41.8077666666667,1.74199027777778,4.61596666666667,0.284933333333333
2010-01-11,25.3114,1.05464166666667,3.26706666666667,0.296066666666667
2010-01-12,21.3756333333333,1.42504222222222,3.27343333333333,0.2896
2010-01-13,,,,
2010-01-14,10.3081333333333,2.06162666666667,2.97463333333333,1.19846666666667
2010-01-15,36.6126666666667,1.52552777777778,5.3368,0.286266666666667
2010-01-16,35.8352,1.49313333333333,3.66733333333333,0.306233333333333
2010-01-17,31.7759333333333,1.32399722222222,3.28066666666667,0.290733333333333
2010-01-18,31.3516333333333,1.30631805555556,2.44193333333333,0.290433333333333
2010-01-19,40.5584666666667,1.68993611111111,4.45376666666667,0.287033333333333
2010-01-20,39.1954666666667,1.63314444444444,3.6385,0.301933333333333
2010-01-21,35.6309333333333,1.48462222222222,3.33613333333333,0.294466666666667
2010-01-22,29.8437666666667,1.24349027777778,2.8046,0.2927
2010-01-23,43.4751666666667,1.81146527777778,5.26553333333333,0.299133333333333
2010-01-24,37.8236666666667,1.57598611111111,4.42726666666667,0.328366666666667
2010-01-25,32.1751666666667,1.34063194444444,3.71333333333333,0.3037
2010-01-26,34.4594,1.43580833333333,2.43266666666667,0.322066666666667
2010-01-27,46.0150333333333,1.91729305555556,4.07983333333333,0.325166666666666
2010-01-28,35.1705666666667,1.46544027777778,3.0832,0.319866666666667
2010-01-29,34.8831666666667,1.45346527777778,3.779,0.2927
2010-01-30,47.3788,1.97411666666667,5.14216666666667,0.282533333333333
2010-01-31,29.9866,1.24944166666667,2.963,0.286766666666667
2010-02-01,28.2296333333333,1.17623472222222,2.91386666666667,0.283333333333333
2010-02-02,35.9572,1.49821666666667,3.0266,0.298733333333333
2010-02-03,48.3835666666667,2.01598194444444,4.5192,0.2987
2010-02-04,38.6045,1.60852083333333,3.128,0.325166666666667
2010-02-05,34.9815333333333,1.45756388888889,2.7641,0.3624
2010-02-06,45.2164333333333,1.88401805555556,3.87743333333333,0.296
2010-02-07,27.0951333333333,1.12896388888889,2.7607,0.305933333333333
2010-02-08,43.0373,1.79322083333333,3.17233333333334,0.295933333333333
2010-02-09,40.3488666666667,1.68120277777778,3.5046,0.704866666666667
2010-02-10,32.4090333333333,1.35037638888889,2.8363,0.319266666666667
2010-02-11,22.8294666666667,0.951227777777778,2.3199,0.299833333333334
2010-02-12,31.5499666666667,1.31458194444444,2.9396,0.2969
2010-02-13,39.1926,1.633025,4.17393333333333,0.286966666666667
2010-02-14,28.1116333333333,1.17131805555556,2.3949,0.452466666666667
2010-02-15,34.9522,1.45634166666667,4.61963333333333,0.2867
2010-02-16,29.9626,1.24844166666667,2.50096666666667,0.374566666666667
2010-02-17,34.2426666666667,1.42677777777778,4.05993333333333,0.3583
2010-02-18,29.3526,1.223025,2.90433333333333,0.294333333333333
2010-02-19,32.5595333333333,1.35664722222222,2.72376666666667,0.2978
2010-02-20,33.0621333333333,1.37758888888889,3.0763,0.295966666666667
2010-02-21,45.6719,1.90299583333333,5.0908,0.311333333333333
2010-02-22,24.5672666666667,1.02363611111111,3.0752,0.296833333333333
2010-02-23,24.3546666666667,1.01477777777778,2.69406666666667,0.305
2010-02-24,31.9046333333333,1.32935972222222,3.35626666666667,0.322133333333333
2010-02-25,31.3367333333333,1.30569722222222,2.06426666666667,0.295066666666666
2010-02-26,35.3359333333333,1.47233055555556,3.18036666666667,0.332066666666667
2010-02-27,29.4176,1.22573333333333,2.75273333333333,0.301333333333333
2010-02-28,11.8611,0.4942125,1.25803333333333,0.285433333333333
2010-03-01,21.6454666666667,0.901894444444444,2.39663333333333,0.289666666666667
2010-03-02,12.7817666666667,0.532573611111111,1.5749,0.3051
2010-03-03,15.5972333333333,0.649884722222222,1.52173333333333,0.311666666666667
2010-03-04,11.3813333333333,0.474222222222222,1.2828,0.3137
2010-03-05,18.8954333333333,0.787309722222222,2.05916666666667,0.305666666666667
2010-03-06,13.2452,0.551883333333333,1.26096666666667,0.294633333333333
2010-03-07,22.8745333333333,0.953105555555556,2.57533333333333,0.293533333333333
2010-03-08,42.6183,1.7757625,3.969,0.3475
2010-03-09,29.3352,1.2223,2.74666666666667,0.3386
2010-03-10,30.3772,1.26571666666667,2.56803333333333,0.3226
2010-03-11,32.5181666666667,1.35492361111111,3.94636666666667,0.2986
2010-03-12,27.4237333333333,1.14265555555556,2.92316666666667,0.298266666666667
2010-03-13,39.7168333333333,1.65486805555556,3.8424,0.303366666666667
2010-03-14,26.1119,1.08799583333333,2.99306666666667,0.305633333333333
2010-03-15,29.8641666666667,1.24434027777778,2.92923333333333,0.306333333333333
2010-03-16,25.7108333333333,1.07128472222222,2.03926666666667,0.299633333333333
2010-03-17,33.4855,1.39522916666667,2.94323333333333,0.318833333333333
2010-03-18,26.0447,1.08519583333333,3.01696666666667,0.300166666666667
2010-03-19,27.7230666666667,1.15512777777778,2.72386666666667,0.4469
2010-03-20,2.19553333333333,0.548883333333333,1.13226666666667,0.322866666666667
2010-03-21,15.2880333333333,1.38982121212121,2.52376666666667,0.3486
2010-03-22,26.9765,1.12402083333333,2.13366666666667,0.300666666666667
2010-03-23,30.3693666666667,1.26539027777778,2.5015,0.289633333333333
2010-03-24,33.2458666666667,1.38524444444444,3.18186666666667,0.301833333333333
2010-03-25,27.9980666666667,1.16658611111111,2.43176666666667,0.338233333333333
2010-03-26,27.5214,1.146725,2.8192,0.294666666666667
2010-03-27,30.7995,1.2833125,3.49246666666667,0.3234
2010-03-28,29.9702333333333,1.24875972222222,3.0072,0.3094
2010-03-29,27.0456333333333,1.12690138888889,2.25163333333333,0.351033333333333
2010-03-30,31.7742333333333,1.32392638888889,2.97023333333333,0.412266666666667
2010-03-31,32.0633666666667,1.33597361111111,3.13503333333333,0.2953
2010-04-01,28.124,1.17183333333333,2.84873333333333,0.308666666666666
2010-04-02,27.4770333333333,1.14487638888889,2.26306666666667,0.2917
2010-04-03,30.0879666666667,1.25366527777778,2.51943333333333,0.285933333333333
2010-04-04,28.1731333333333,1.17388055555556,2.7866,0.293933333333333
2010-04-05,18.647,0.776958333333333,2.7682,0.288866666666667
2010-04-06,30.4308666666667,1.26795277777778,3.1991,0.296533333333333
2010-04-07,26.6163666666667,1.10901527777778,2.7103,0.344433333333333
2010-04-08,27.487,1.14529166666667,2.65426666666667,0.305633333333333
2010-04-09,20.5558333333333,0.856493055555555,2.09413333333333,0.285366666666667
2010-04-10,19.8368,0.826533333333333,2.15423333333333,0.290366666666667
2010-04-11,26.7135,1.1130625,3.88313333333333,0.293966666666667
2010-04-12,23.9904333333333,0.999601388888889,2.2655,0.293666666666667
2010-04-13,25.2117333333333,1.05048888888889,2.116,0.2788
2010-04-14,27.6727333333333,1.15303055555556,2.4942,0.292433333333333
2010-04-15,31.2029666666667,1.30012361111111,3.02816666666667,0.298766666666667
2010-04-16,26.0343666666667,1.08476527777778,2.35116666666667,0.311166666666667
2010-04-17,25.9618666666667,1.08174444444444,3.58546666666667,0.301066666666666
2010-04-18,24.6017666666667,1.02507361111111,2.28063333333333,0.318266666666667
2010-04-19,28.4765666666667,1.18652361111111,2.68273333333333,0.319266666666667
2010-04-20,30.5604666666667,1.27335277777778,2.4154,0.301266666666666
2010-04-21,26.3319,1.0971625,1.8233,0.3177
2010-04-22,24.3484,1.01451666666667,2.2073,0.3484
2010-04-23,19.6756,0.819816666666667,1.72243333333333,0.309233333333333
2010-04-24,25.3069666666667,1.05445694444444,3.14333333333333,0.302533333333333
2010-04-25,25.7123666666667,1.07134861111111,2.76113333333333,0.3283
2010-04-26,18.0452666666667,0.751886111111111,2.18433333333333,0.3525
2010-04-27,20.849,0.868708333333333,2.26316666666667,0.338166666666667
2010-04-28,14.4643,0.602679166666667,1.82946666666667,0.322766666666667
2010-04-29,18.3954,0.766475,1.8318,0.3387
2010-04-30,18.6438,0.776825,2.84363333333333,0.330433333333333
2010-05-01,22.0026333333333,0.916776388888889,2.6106,0.311333333333333
2010-05-02,36.4651666666667,1.51938194444444,3.7739,0.350033333333333
2010-05-03,23.5217,0.980070833333333,2.64446666666667,0.3263
2010-05-04,25.2826666666667,1.05344444444444,1.97863333333333,0.292933333333333
2010-05-05,30.0884666666667,1.25368611111111,3.1247,0.292033333333333
2010-05-06,21.6541666666667,0.902256944444444,1.81786666666667,0.323266666666667
2010-05-07,27.4000666666667,1.14166944444444,2.29996666666667,0.326666666666667
2010-05-08,25.5570333333333,1.06487638888889,3.27303333333333,0.3192
2010-05-09,26.1085,1.08785416666667,2.589,0.3339
2010-05-10,24.4648666666667,1.01936944444444,2.9157,0.349866666666667
2010-05-11,26.1894666666667,1.09122777777778,2.2432,0.3084
2010-05-12,33.9236333333333,1.41348472222222,3.07606666666667,0.3149
2010-05-13,25.8749333333333,1.07812222222222,2.97923333333333,0.302866666666667
2010-05-14,28.7024333333333,1.19593472222222,2.39803333333333,0.336366666666667
2010-05-15,32.4128666666667,1.35053611111111,3.81983333333333,0.345866666666667
2010-05-16,35.0071,1.45862916666667,3.48616666666666,0.343266666666667
2010-05-17,27.1363666666667,1.13068194444444,1.9666,0.331333333333333
2010-05-18,23.6864,0.986933333333333,1.98626666666667,0.341666666666667
2010-05-19,23.7792,0.9908,2.3201,0.345033333333333
2010-05-20,19.2316333333333,0.801318055555555,1.7838,0.328833333333333
2010-05-21,21.5732666666667,0.898886111111111,2.0987,0.343166666666667
2010-05-22,34.9295333333333,1.45539722222222,2.97773333333333,0.425066666666666
2010-05-23,24.7926,1.033025,2.03806666666667,0.366033333333333
2010-05-24,22.3555333333333,0.931480555555556,2.447,0.377333333333333
2010-05-25,19.9771,0.832379166666667,1.9245,0.327333333333333
2010-05-26,23.1314,0.963808333333333,2.6902,0.3263
2010-05-27,22.0557,0.9189875,1.8888,0.277933333333333
2010-05-28,23.3027333333333,0.970947222222223,1.80973333333333,0.255533333333333
2010-05-29,34.1634666666667,1.42347777777778,3.412,0.233866666666667
2010-05-30,27.7616666666667,1.15673611111111,3.00436666666667,0.3241
2010-05-31,22.3410333333333,0.930876388888889,1.83293333333333,0.264166666666667
2010-06-01,21.1494,0.881225,1.99726666666667,0.2316
2010-06-02,16.3483,0.681179166666667,1.74223333333333,0.249433333333333
2010-06-03,23.2364333333333,0.968184722222222,2.3048,0.2177
2010-06-04,23.6759,0.986495833333333,1.84763333333333,0.256433333333333
2010-06-05,33.4940666666667,1.39558611111111,3.24833333333333,0.269433333333333
2010-06-06,29.1132,1.21305,2.7726,0.3208
2010-06-07,16.8680333333333,0.702834722222222,1.89036666666667,0.267366666666667
2010-06-08,22.7005666666667,0.945856944444444,2.21033333333333,0.2473
2010-06-09,25.5780333333333,1.06575138888889,2.4124,0.260533333333333
2010-06-10,20.2531666666667,0.843881944444445,1.79233333333333,0.317366666666667
2010-06-11,24.5112,1.0213,2.0137,0.251866666666667
2010-06-12,32.8851333333333,1.37021388888889,2.5192,0.318566666666667
2010-06-13,27.9059333333333,1.16274722222222,2.93326666666667,0.2724
2010-06-14,20.2997333333333,0.845822222222222,1.87096666666667,0.247866666666667
2010-06-15,20.3994333333333,0.849976388888889,1.61826666666667,0.286033333333334
2010-06-16,29.4682,1.22784166666667,2.25396666666667,0.342766666666667
2010-06-17,17.1336333333333,0.713901388888889,1.75586666666667,0.284766666666667
2010-06-18,22.2052666666667,0.925219444444445,1.92243333333333,0.2423
2010-06-19,23.6036666666667,0.983486111111111,2.40793333333333,0.279533333333333
2010-06-20,27.8758333333333,1.16149305555556,3.0546,0.230566666666667
2010-06-21,27.6815,1.15339583333333,2.51623333333333,0.245233333333333
2010-06-22,25.3431333333333,1.05596388888889,2.21013333333333,0.258566666666667
2010-06-23,24.0344,1.00143333333333,3.9411,0.2552
2010-06-24,18.263,0.760958333333333,1.81706666666667,0.324033333333333
2010-06-25,18.3239666666667,0.763498611111111,1.96136666666667,0.270433333333333
2010-06-26,16.3603333333333,0.681680555555556,1.83893333333333,0.287666666666667
2010-06-27,18.9994,0.791641666666667,2.06693333333333,0.2873
2010-06-28,24.5223333333333,1.02176388888889,2.10183333333333,0.325666666666667
2010-06-29,22.7882666666667,0.949511111111111,2.3195,0.3275
2010-06-30,23.0689333333333,0.961205555555556,2.0666,0.293533333333333
2010-07-01,22.4833666666667,0.936806944444444,3.32903333333333,0.375066666666667
2010-07-02,19.0154666666667,0.792311111111111,1.6122,0.386566666666667
2010-07-03,18.6679,0.777829166666666,1.88693333333333,0.3784
2010-07-04,25.6348,1.06811666666667,2.21913333333333,0.296933333333333
2010-07-05,18.5665,0.773604166666667,1.87123333333333,0.299
2010-07-06,16.7655666666667,0.698565277777778,1.53076666666667,0.2714
2010-07-07,13.9131333333333,0.579713888888889,1.46136666666667,0.287233333333333
2010-07-08,20.2108666666667,0.842119444444444,1.9543,0.296
2010-07-09,18.0579666666667,0.752415277777778,1.46503333333333,0.420333333333333
2010-07-10,19.2417333333333,0.801738888888889,2.083,0.3391
2010-07-11,19.8928666666667,0.828869444444445,2.59476666666667,0.336933333333334
2010-07-12,18.4929,0.7705375,1.99756666666667,0.341066666666667
2010-07-13,23.0352333333333,0.959801388888889,2.11433333333333,0.330166666666667
2010-07-14,23.4912,0.9788,3.1291,0.353233333333333
2010-07-15,27.2193666666667,1.13414027777778,2.55316666666667,0.5031
2010-07-16,13.6676,0.569483333333333,1.3842,0.278366666666667
2010-07-17,13.4392,0.559966666666667,1.39286666666667,0.250333333333333
2010-07-18,13.5339666666667,0.563915277777778,1.48223333333333,0.216866666666667
2010-07-19,13.3526333333333,0.556359722222222,1.403,0.21
2010-07-20,14.2637333333333,0.594322222222222,1.61816666666667,0.284533333333333
2010-07-21,17.7361,0.739004166666667,2.87813333333333,0.286533333333333
2010-07-22,19.4074333333333,0.808643055555556,2.67493333333333,0.3411
2010-07-23,19.6026333333333,0.816776388888889,1.65106666666667,0.3563
2010-07-24,15.3611333333333,0.640047222222222,1.7543,0.342433333333333
2010-07-25,18.8401666666667,0.785006944444444,2.83136666666667,0.324133333333333
2010-07-26,14.7358333333333,0.613993055555555,2.09126666666667,0.2578
2010-07-27,15.8726666666667,0.661361111111111,1.64563333333333,0.275333333333333
2010-07-28,14.3775666666667,0.599065277777778,1.68956666666667,0.279933333333333
2010-07-29,9.15173333333334,0.381322222222222,1.23403333333333,0.270766666666667
2010-07-30,9.18766666666667,0.382819444444444,1.20496666666667,0.2663
2010-07-31,9.2436,0.38515,1.00503333333333,0.260633333333333
2010-08-01,9.26106666666667,0.385877777777778,0.9396,0.264166666666667
2010-08-02,9.15803333333333,0.381584722222222,0.860033333333333,0.252533333333333
2010-08-03,10.2535333333333,0.427230555555556,1.3614,0.2728
2010-08-04,9.05593333333333,0.377330555555556,1.15493333333333,0.253433333333333
2010-08-05,8.89126666666667,0.370469444444444,0.966866666666666,0.208533333333333
2010-08-06,8.74576666666667,0.364406944444444,1.2259,0.2164
2010-08-07,8.79126666666667,0.366302777777778,0.912766666666667,0.226266666666667
2010-08-08,8.80766666666666,0.366986111111111,1.18263333333333,0.209533333333333
2010-08-09,8.91773333333333,0.371572222222222,1.09646666666667,0.2481
2010-08-10,9.0793,0.378304166666666,1.249,0.257966666666667
2010-08-11,9.03336666666666,0.376390277777778,1.13493333333333,0.241133333333333
2010-08-12,8.8283,0.367845833333333,0.941500000000001,0.246066666666667
2010-08-13,8.9049,0.3710375,1.1694,0.227133333333333
2010-08-14,9.23783333333333,0.384909722222222,1.1578,0.200333333333333
2010-08-15,17.5997666666667,0.733323611111111,2.1767,0.252
2010-08-16,18.8288333333333,0.784534722222222,1.55216666666667,0.2498
2010-08-17,16.3033666666667,0.741062121212121,1.89653333333333,0.0296
2010-08-18,,,,
2010-08-19,,,,
2010-08-20,,,,
2010-08-21,,,,
2010-08-22,1.55563333333333,0.518544444444444,0.811533333333333,0.364366666666667
2010-08-23,12.7609666666667,0.531706944444444,1.4589,0.307833333333333
2010-08-24,12.0491333333333,0.502047222222222,1.42223333333333,0.301466666666667
2010-08-25,16.3401333333333,0.680838888888889,1.83913333333333,0.239466666666667
2010-08-26,12.6208666666667,0.525869444444444,1.40593333333333,0.271566666666667
2010-08-27,33.8441666666667,1.41017361111111,3.05266666666667,0.324366666666667
2010-08-28,24.0476,1.00198333333333,2.59223333333333,0.302566666666667
2010-08-29,27.808,1.15866666666667,3.2345,0.274766666666667
2010-08-30,24.9133666666667,1.03805694444444,2.41713333333333,0.2851
2010-08-31,22.7517666666667,0.947990277777778,1.81936666666667,0.244633333333333
2010-09-01,26.5553,1.10647083333333,2.5369,0.289133333333333
2010-09-02,23.2082,0.967008333333334,2.4065,0.2548
2010-09-03,22.4402333333333,0.935009722222222,2.30586666666667,0.309133333333333
2010-09-04,29.064,1.211,2.51896666666667,0.275266666666667
2010-09-05,22.0503,0.9187625,2.22183333333333,0.269533333333333
2010-09-06,23.7146,0.988108333333333,2.49766666666667,0.2231
2010-09-07,24.1975666666667,1.00823194444444,2.76093333333333,0.2722
2010-09-08,21.7302,0.905425,2.8006,0.301333333333333
2010-09-09,20.6452333333333,0.860218055555556,2.64743333333333,0.2496
2010-09-10,22.1351333333333,0.922297222222222,2.3795,0.232433333333333
2010-09-11,24.3885,1.0161875,1.95106666666667,0.274066666666667
2010-09-12,26.8682,1.11950833333333,2.2741,0.261866666666667
2010-09-13,17.9386666666667,0.747444444444444,1.90856666666667,0.2142
2010-09-14,23.8446333333333,0.993526388888889,2.19343333333333,0.256666666666667
2010-09-15,16.4349,0.6847875,2.0184,0.208033333333333
2010-09-16,22.3289666666667,0.930373611111111,2.9843,0.2105
2010-09-17,24.9601333333333,1.04000555555556,2.96416666666667,0.1995
2010-09-18,20.7991,0.866629166666667,1.804,0.208233333333333
2010-09-19,15.3266666666667,0.638611111111111,2.34356666666667,0.1971
2010-09-20,28.0472,1.16863333333333,2.59836666666667,0.1951
2010-09-21,18.5229333333333,0.771788888888889,2.07103333333333,0.204466666666667
2010-09-22,25.1732333333333,1.04888472222222,2.1387,0.260433333333333
2010-09-23,24.1643666666667,1.00684861111111,2.5547,0.203333333333333
2010-09-24,22.1332,0.922216666666667,2.2476,0.2029
2010-09-25,1.76676666666667,0.441691666666667,0.948733333333334,0.224566666666667
2010-09-26,,,,
2010-09-27,,,,
2010-09-28,7.84043333333333,1.56808666666667,2.07916666666667,0.971233333333333
2010-09-29,28.0737666666667,1.16974027777778,2.4926,0.354566666666667
2010-09-30,20.8046333333333,0.866859722222222,2.63836666666667,0.350166666666667
2010-10-01,25.0803333333333,1.04501388888889,2.44936666666667,0.298433333333333
2010-10-02,32.0542333333333,1.33559305555556,3.9403,0.308533333333333
2010-10-03,30.5114,1.27130833333333,3.395,0.301233333333333
2010-10-04,29.5993333333333,1.23330555555556,3.03983333333333,0.3916
2010-10-05,30.9104,1.28793333333333,2.65473333333333,0.308833333333333
2010-10-06,21.9242666666667,0.913511111111111,2.59706666666667,0.3264
2010-10-07,30.1659,1.2569125,2.74033333333333,0.307433333333333
2010-10-08,25.1742666666667,1.04892777777778,2.50513333333333,0.3442
2010-10-09,26.863,1.11929166666667,2.26996666666667,0.371666666666666
2010-10-10,33.3150666666667,1.38812777777778,3.90126666666667,0.427366666666666
2010-10-11,27.0431666666667,1.12679861111111,3.09316666666667,0.4349
2010-10-12,26.3282,1.09700833333333,2.51986666666667,0.333833333333333
2010-10-13,34.5647666666667,1.44019861111111,2.84426666666667,0.316966666666667
2010-10-14,35.5853666666667,1.48272361111111,4.11776666666667,0.3412
2010-10-15,26.6054,1.10855833333333,2.06566666666667,0.3288
2010-10-16,16.6669,0.694454166666667,2.1444,0.309133333333333
2010-10-17,17.4563666666667,0.727348611111111,2.45403333333333,0.300066666666666
2010-10-18,45.2314,1.88464166666667,3.83643333333333,0.3197
2010-10-19,32.0996333333333,1.33748472222222,3.53833333333333,0.3078
2010-10-20,28.7994,1.199975,2.8661,0.312433333333333
2010-10-21,22.5866333333333,0.941109722222222,2.58196666666667,0.317333333333333
2010-10-22,27.8148666666667,1.15895277777778,2.4588,0.311966666666667
2010-10-23,38.2206,1.592525,3.3083,0.327533333333333
2010-10-24,39.8424666666667,1.66010277777778,3.734,0.367466666666667
2010-10-25,19.3882,0.807841666666667,2.15653333333333,0.319466666666667
2010-10-26,15.7650666666667,0.656877777777778,3.0101,0.299333333333333
2010-10-27,21.0046333333333,0.875193055555556,2.5886,0.314066666666666
2010-10-28,24.3887666666667,1.01619861111111,2.4235,0.328266666666667
2010-10-29,20.0737,0.836404166666667,1.64123333333333,0.306166666666667
2010-10-30,35.8783333333333,1.49493055555556,3.3127,0.3116
2010-10-31,24.6071666666667,1.02529861111111,2.9103,0.319766666666667
2010-11-01,23.053,0.960541666666667,1.87426666666667,0.3178
2010-11-02,19.8513666666667,0.827140277777778,2.28646666666667,0.3232
2010-11-03,21.5549666666667,0.898123611111111,3.14316666666667,0.325833333333333
2010-11-04,42.5857666666667,1.77440694444444,4.4626,0.342766666666666
2010-11-05,28.9348,1.20561666666667,2.7622,0.341766666666667
2010-11-06,30.0901333333333,1.25375555555556,2.61043333333333,0.3185
2010-11-07,27.8969333333333,1.16237222222222,2.10823333333333,0.327833333333333
2010-11-08,30.4256666666667,1.26773611111111,2.64973333333333,0.3135
2010-11-09,33.7016333333333,1.40423472222222,3.7867,0.311666666666667
2010-11-10,32.4422333333333,1.35175972222222,3.372,0.308466666666667
2010-11-11,29.5598666666667,1.23166111111111,2.8895,0.281
2010-11-12,30.6137,1.27557083333333,2.694,0.267266666666667
2010-11-13,33.7195666666667,1.40498194444444,3.22113333333333,0.283966666666667
2010-11-14,33.9732,1.41555,4.15656666666667,0.287166666666667
2010-11-15,29.1230333333333,1.21345972222222,3.32106666666667,0.281033333333333
2010-11-16,25.1624666666667,1.04843611111111,2.53003333333333,0.279133333333333
2010-11-17,26.3672,1.09863333333333,2.75713333333333,0.2803
2010-11-18,27.5358666666667,1.14732777777778,2.72843333333333,0.325633333333333
2010-11-19,26.1733333333333,1.09055555555556,2.2033,0.264933333333333
2010-11-20,36.6167666666667,1.52569861111111,5.62683333333334,0.2849
2010-11-21,15.0151666666667,0.625631944444444,2.0713,0.2681
2010-11-22,34.0256,1.41773333333333,3.1683,0.274933333333333
2010-11-23,26.2922666666667,1.09551111111111,2.63666666666667,0.2745
2010-11-24,29.9374666666667,1.24739444444444,2.85023333333333,0.2653
2010-11-25,23.8527333333333,0.993863888888889,2.62713333333333,0.266366666666667
2010-11-26,24.8017333333333,1.12735151515152,2.88393333333333,0.0467333333333333
